,status,duration,credit_history,purpose,amount,savings,employment,installment_rate,other_debtors,residence_since,property,age,other_installment_plans,housing,existing_credits,job,people_liable,telephone,foreign_worker,credit_risk,sex,marital_status
0,A11,6,A34,A43,1169,A65,A75,4,A101,4,A121,1,A143,A152,2,A173,1,A192,A201,1,1,0
1,A12,48,A32,A43,5951,A61,A73,2,A101,2,A121,0,A143,A152,1,A173,1,A191,A201,0,0,1
2,A14,30,A32,A46,2096,A61,A74,3,A101,3,A121,1,A142,A152,1,A173,2,A191,A201,0,1,0
3,A11,42,A32,A42,7882,A61,A74,2,A103,4,A122,1,A143,A153,1,A173,2,A191,A201,1,1,0
4,A11,24,A33,A40,4870,A61,A73,3,A101,4,A124,1,A143,A153,2,A173,2,A191,A201,0,1,0
5,A11,12,A30,A46,9055,A61,A73,3,A101,4,A123,1,A141,A153,1,A172,2,A192,A201,0,1,0
6,A14,24,A32,A42,2835,A63,A75,3,A101,4,A122,1,A143,A152,1,A173,1,A191,A201,1,1,0
7,A12,36,A32,A41,6948,A61,A73,2,A101,2,A123,1,A143,A151,1,A174,1,A192,A201,1,1,0
8,A14,12,A32,A43,3059,A64,A74,2,A101,4,A121,1,A143,A152,1,A172,1,A191,A201,1,1,1
9,A12,30,A34,A40,5234,A61,A71,4,A101,2,A123,1,A143,A152,2,A174,1,A191,A201,0,1,1
10,A12,12,A32,A40,1295,A61,A72,3,A101,1,A123,0,A143,A151,1,A173,1,A191,A201,0,0,1
11,A11,48,A32,A49,4308,A61,A72,3,A101,4,A122,0,A143,A151,1,A173,1,A191,A201,0,0,1
12,A12,12,A32,A43,1567,A61,A73,1,A101,1,A123,0,A143,A152,1,A173,1,A192,A201,1,0,1
13,A11,24,A34,A40,1199,A61,A75,4,A101,4,A123,1,A143,A152,2,A172,1,A191,A201,0,1,0
14,A11,18,A32,A40,1403,A61,A73,2,A101,4,A124,1,A143,A151,1,A173,1,A191,A201,0,0,1
15,A11,24,A32,A43,1282,A62,A73,4,A101,2,A123,1,A143,A152,1,A172,1,A191,A201,0,0,1
16,A12,12,A32,A43,2424,A61,A75,3,A101,4,A123,1,A143,A152,2,A173,1,A191,A201,0,1,0
17,A11,30,A30,A49,8072,A65,A72,2,A101,3,A123,0,A141,A152,3,A173,1,A191,A201,1,1,0
18,A12,24,A32,A41,12579,A61,A75,4,A101,2,A124,1,A143,A153,1,A174,1,A192,A201,0,0,1
19,A11,36,A34,A43,3430,A61,A75,4,A101,2,A123,1,A143,A152,1,A173,2,A192,A201,0,1,0
20,A14,18,A32,A40,2134,A61,A73,2,A101,4,A122,1,A143,A152,3,A173,1,A192,A201,0,1,0
21,A14,9,A32,A43,2647,A62,A73,1,A101,3,A124,1,A143,A151,1,A174,2,A191,A201,0,1,0
22,A11,10,A34,A40,2241,A61,A72,1,A101,3,A121,1,A143,A151,2,A172,2,A191,A202,1,1,0
23,A14,30,A32,A41,1804,A61,A72,4,A101,4,A122,1,A143,A152,1,A173,1,A191,A201,0,1,0
24,A12,24,A33,A42,2069,A61,A73,4,A101,1,A123,1,A141,A152,2,A173,1,A191,A202,0,1,1
25,A11,12,A33,A42,1374,A61,A73,2,A101,2,A121,1,A143,A152,1,A173,1,A192,A201,0,1,0
26,A14,6,A30,A43,426,A61,A75,4,A101,4,A123,1,A143,A152,1,A172,1,A191,A201,1,1,1
27,A13,12,A31,A43,409,A64,A73,3,A101,3,A121,1,A143,A151,2,A173,1,A191,A201,1,0,1
28,A12,7,A32,A43,2415,A61,A73,3,A103,2,A121,1,A143,A152,1,A173,1,A191,A201,1,1,0
29,A11,60,A33,A49,6836,A61,A75,3,A101,4,A124,1,A143,A152,2,A173,1,A192,A201,0,1,0
30,A12,18,A32,A49,1913,A64,A72,3,A101,3,A121,1,A141,A152,1,A173,1,A192,A201,1,1,1
31,A11,36,A32,A42,4020,A61,A73,4,A101,2,A121,1,A143,A152,1,A172,1,A191,A201,0,1,0
32,A12,18,A32,A40,5866,A62,A73,2,A101,2,A123,1,A143,A152,2,A173,1,A192,A201,1,1,0
33,A11,24,A30,A49,1264,A61,A75,4,A101,4,A124,1,A143,A151,1,A173,1,A191,A201,0,1,0
34,A14,24,A32,A42,1474,A65,A72,2,A101,1,A122,1,A143,A152,1,A171,1,A192,A201,0,0,1
35,A12,45,A34,A43,4746,A61,A72,4,A101,2,A122,0,A143,A152,2,A172,1,A191,A201,0,1,0
36,A14,48,A34,A46,6110,A61,A73,1,A101,3,A124,1,A141,A153,1,A173,1,A192,A201,1,1,0
37,A13,18,A32,A43,2100,A61,A73,4,A102,2,A121,1,A142,A152,1,A173,1,A191,A201,0,1,0
38,A14,12,A32,A44,1225,A61,A73,4,A101,2,A123,1,A141,A152,1,A174,1,A192,A201,0,1,0
39,A12,9,A32,A43,458,A61,A73,4,A101,3,A121,0,A143,A152,1,A173,1,A191,A201,1,1,0
40,A14,30,A32,A43,2333,A63,A75,4,A101,2,A123,1,A141,A152,1,A174,1,A191,A201,1,1,0
41,A12,24,A33,A43,1158,A61,A73,4,A101,1,A123,1,A141,A152,1,A174,1,A192,A201,0,1,1
42,A11,12,A32,A45,6204,A61,A73,3,A101,4,A123,1,A143,A152,1,A173,2,A192,A201,0,1,0
43,A11,30,A34,A41,6187,A62,A74,1,A101,4,A123,0,A143,A151,2,A173,1,A191,A201,1,1,1
44,A11,48,A34,A41,6143,A61,A75,4,A101,4,A124,1,A142,A153,2,A172,1,A191,A201,0,0,1
45,A11,48,A32,A40,1393,A63,A72,2,A101,4,A121,1,A143,A152,2,A173,1,A191,A201,0,0,1
46,A14,36,A32,A43,2299,A63,A75,4,A101,4,A123,1,A143,A152,1,A173,1,A191,A201,1,1,0
47,A11,6,A32,A41,1352,A63,A71,1,A101,2,A122,0,A143,A151,1,A171,1,A192,A201,1,0,1
48,A11,6,A32,A40,7228,A61,A73,4,A101,4,A124,1,A143,A152,2,A173,1,A191,A201,0,1,0
49,A11,15,A32,A43,2073,A61,A73,4,A102,2,A121,1,A143,A152,1,A173,1,A191,A201,0,0,1
50,A12,24,A33,A42,2333,A65,A72,4,A101,2,A122,1,A141,A152,1,A172,1,A191,A201,1,1,0
51,A12,27,A33,A41,5965,A61,A75,1,A101,2,A123,1,A143,A152,2,A174,1,A192,A201,1,1,0
52,A14,12,A32,A43,1262,A61,A73,3,A101,2,A123,0,A143,A152,1,A173,1,A191,A201,1,1,0
53,A14,18,A32,A41,3378,A65,A73,2,A101,1,A122,1,A143,A152,1,A173,1,A192,A201,1,1,0
54,A12,36,A33,A40,2225,A61,A75,4,A101,4,A124,1,A141,A153,2,A173,1,A192,A201,0,1,0
55,A14,6,A31,A40,783,A65,A73,1,A103,2,A121,1,A142,A152,1,A172,2,A191,A201,1,1,0
56,A12,12,A32,A43,6468,A65,A71,2,A101,1,A124,1,A143,A152,1,A174,1,A192,A201,0,1,0
57,A12,10,A34,A43,9566,A65,A73,3,A101,2,A123,1,A143,A152,2,A173,1,A191,A201,0,0,1
58,A13,18,A32,A40,1961,A61,A75,3,A101,2,A123,0,A143,A152,1,A174,1,A191,A201,1,0,1
59,A11,36,A34,A42,6229,A61,A72,4,A102,4,A124,0,A143,A151,2,A172,1,A192,A201,0,0,1
60,A12,36,A32,A49,1391,A61,A73,3,A101,1,A121,1,A143,A152,1,A173,1,A192,A201,0,1,1
61,A14,12,A30,A43,1537,A63,A75,2,A103,4,A123,1,A143,A152,2,A173,1,A192,A201,0,1,0
62,A12,36,A30,A49,1953,A61,A75,4,A101,4,A124,1,A143,A153,1,A174,1,A192,A201,0,1,0
63,A12,48,A30,A49,14421,A61,A73,2,A101,2,A123,0,A143,A152,1,A173,1,A192,A201,0,1,0
64,A14,24,A32,A43,3181,A61,A72,4,A101,4,A122,1,A143,A152,1,A173,1,A192,A201,1,0,1
65,A13,47,A34,A45,5190,A65,A75,1,A101,4,A123,1,A143,A152,4,A173,2,A192,A201,0,1,0
66,A14,12,A32,A43,2171,A61,A72,2,A101,2,A123,1,A141,A152,1,A173,1,A191,A201,1,0,1
67,A12,12,A32,A40,1007,A64,A73,4,A101,1,A121,0,A143,A152,1,A173,1,A191,A201,1,1,1
68,A14,36,A32,A46,1819,A61,A73,4,A101,4,A124,1,A142,A153,1,A173,1,A192,A201,0,1,0
69,A14,36,A32,A43,2394,A65,A73,4,A101,4,A123,0,A143,A152,1,A173,1,A191,A201,1,0,1
70,A14,48,A32,A41,8133,A62,A73,3,A101,2,A121,1,A143,A152,1,A172,1,A191,A201,0,0,1
71,A11,48,A32,A43,730,A61,A75,2,A101,2,A123,1,A143,A151,2,A173,1,A192,A201,0,1,0
72,A11,8,A34,A410,1164,A61,A75,3,A101,4,A124,1,A141,A153,2,A174,2,A192,A201,1,1,0
73,A11,24,A33,A49,5954,A65,A74,4,A101,1,A124,1,A143,A152,2,A173,1,A191,A201,0,0,1
74,A11,36,A32,A46,1977,A65,A75,4,A101,4,A124,1,A143,A152,1,A174,1,A192,A201,0,1,0
75,A11,12,A34,A41,1526,A61,A75,4,A101,4,A124,1,A143,A153,2,A174,1,A191,A201,1,1,0
76,A11,42,A32,A43,3965,A61,A72,4,A101,3,A123,1,A143,A152,1,A173,1,A191,A201,0,1,0
77,A13,36,A32,A43,4771,A65,A74,2,A101,4,A123,1,A143,A152,1,A173,1,A191,A201,0,1,0
78,A14,24,A34,A41,9436,A62,A73,4,A101,2,A122,1,A143,A152,1,A173,2,A191,A201,0,1,0
79,A12,30,A32,A42,3832,A61,A72,2,A101,1,A122,0,A143,A152,1,A173,1,A191,A201,1,1,1
80,A14,24,A32,A43,5943,A65,A72,1,A101,1,A123,1,A143,A152,2,A173,1,A192,A201,0,0,1
81,A14,15,A32,A43,1213,A63,A75,4,A101,3,A122,1,A142,A152,1,A173,1,A192,A201,1,1,0
82,A14,18,A32,A49,1568,A62,A73,3,A101,4,A122,0,A143,A151,1,A172,1,A191,A201,1,0,1
83,A14,36,A32,A410,1755,A65,A75,2,A103,4,A123,1,A143,A152,1,A173,1,A192,A201,0,0,1
84,A12,24,A34,A43,2315,A61,A75,2,A101,4,A124,1,A143,A152,1,A172,1,A191,A201,0,1,0
85,A14,24,A33,A49,1412,A61,A73,4,A103,2,A121,1,A143,A152,2,A173,1,A192,A201,0,0,1
86,A12,18,A34,A42,1295,A61,A72,4,A101,1,A122,1,A143,A152,2,A173,1,A191,A201,1,0,1
87,A12,36,A32,A46,12612,A62,A73,1,A101,4,A124,1,A143,A153,1,A173,2,A192,A201,0,1,0
88,A11,15,A34,A40,2249,A61,A74,4,A101,3,A124,1,A141,A152,1,A173,2,A192,A201,0,1,0
89,A11,12,A30,A45,1108,A61,A74,4,A101,3,A121,1,A143,A152,2,A173,1,A191,A201,0,1,0
90,A14,12,A34,A43,618,A61,A75,4,A101,4,A121,1,A143,A152,1,A173,1,A191,A201,1,1,0
91,A11,12,A34,A41,1409,A61,A75,4,A101,3,A121,1,A143,A152,1,A173,1,A191,A201,1,1,0
92,A14,12,A34,A43,797,A65,A75,4,A101,3,A122,1,A141,A152,1,A172,2,A191,A201,0,0,1
93,A13,24,A34,A42,3617,A65,A75,4,A102,4,A124,0,A143,A151,2,A173,1,A191,A201,1,1,0
94,A12,12,A32,A40,1318,A64,A75,4,A101,4,A121,1,A143,A152,1,A173,1,A192,A201,1,1,0
95,A12,54,A30,A49,15945,A61,A72,3,A101,4,A124,1,A143,A151,1,A173,1,A192,A201,0,1,0
96,A13,24,A32,A46,2012,A61,A74,4,A101,2,A123,1,A143,A152,1,A174,1,A191,A201,0,0,1
97,A11,24,A32,A49,2622,A61,A73,1,A101,4,A121,1,A142,A152,1,A173,1,A191,A201,0,1,0
98,A12,36,A34,A43,2337,A61,A75,4,A101,4,A121,1,A143,A152,1,A173,1,A191,A201,1,1,0
99,A12,20,A33,A41,7057,A65,A74,3,A101,4,A122,1,A141,A151,2,A174,2,A192,A201,1,1,0
100,A14,24,A32,A40,1469,A62,A75,4,A101,4,A121,1,A143,A151,1,A172,1,A191,A201,1,1,1
101,A12,36,A32,A43,2323,A61,A74,4,A101,4,A123,0,A143,A151,1,A173,1,A191,A201,1,1,0
102,A14,6,A33,A43,932,A61,A73,3,A101,2,A121,0,A143,A152,1,A173,1,A191,A201,1,0,1
103,A14,24,A30,A42,1919,A61,A74,2,A101,3,A123,1,A143,A151,1,A172,1,A192,A201,0,1,0
104,A14,36,A34,A41,2445,A64,A72,4,A101,4,A121,1,A143,A151,1,A173,1,A192,A201,0,1,1
105,A12,24,A34,A410,11938,A61,A73,2,A102,3,A123,1,A143,A152,2,A174,2,A192,A201,0,1,0
106,A14,18,A31,A40,6458,A61,A75,2,A101,4,A124,1,A141,A152,2,A174,2,A192,A201,0,1,0
107,A13,28,A32,A40,6078,A61,A74,4,A101,2,A121,1,A143,A152,1,A172,1,A191,A201,0,1,0
108,A11,15,A32,A42,7721,A65,A72,3,A101,2,A123,1,A143,A152,1,A173,1,A192,A202,0,0,1
109,A14,30,A32,A49,1410,A61,A75,3,A101,2,A123,1,A143,A152,1,A173,1,A192,A201,0,1,1
110,A13,30,A34,A49,1449,A61,A75,4,A101,2,A122,1,A143,A152,2,A174,2,A191,A201,0,1,1
111,A13,15,A32,A46,392,A61,A72,4,A101,4,A122,0,A143,A151,1,A173,1,A192,A201,1,0,1
112,A13,24,A34,A40,6260,A61,A74,4,A101,3,A123,1,A143,A151,1,A173,1,A191,A201,0,1,0
113,A14,36,A34,A40,7855,A61,A73,4,A101,2,A121,0,A142,A152,2,A173,1,A192,A201,0,0,1
114,A11,12,A32,A43,1680,A63,A75,3,A101,1,A121,1,A143,A152,1,A173,1,A191,A201,1,1,1
115,A13,12,A34,A43,3578,A61,A75,4,A101,1,A122,1,A143,A152,1,A174,1,A192,A201,0,1,0
116,A11,42,A32,A43,7174,A65,A74,4,A101,3,A123,1,A143,A152,1,A174,1,A192,A201,0,0,1
117,A11,10,A34,A42,2132,A65,A72,2,A102,3,A121,1,A143,A151,2,A173,1,A191,A202,1,0,1
118,A11,33,A34,A42,4281,A63,A73,1,A101,4,A123,0,A143,A152,2,A173,1,A191,A201,0,0,1
119,A12,12,A34,A40,2366,A63,A74,3,A101,3,A123,1,A143,A152,1,A174,1,A192,A201,1,1,1
120,A11,21,A32,A43,1835,A61,A73,3,A101,2,A121,0,A143,A152,2,A173,1,A192,A201,0,0,1
121,A14,24,A34,A41,3868,A61,A75,4,A101,2,A123,1,A143,A151,2,A174,1,A192,A201,1,0,1
122,A14,12,A32,A42,1768,A61,A73,3,A101,2,A121,0,A143,A151,1,A172,1,A191,A201,1,1,0
123,A12,18,A32,A40,781,A61,A75,4,A101,4,A124,1,A143,A153,2,A174,1,A192,A201,0,1,0
124,A12,18,A32,A42,1924,A65,A72,4,A101,3,A121,1,A143,A151,1,A173,1,A191,A201,0,0,1
125,A13,48,A34,A40,2121,A63,A73,3,A101,2,A122,1,A143,A152,2,A174,1,A191,A201,0,1,0
126,A11,12,A32,A43,701,A61,A73,4,A101,2,A121,1,A143,A152,1,A172,1,A191,A201,1,1,1
127,A12,12,A32,A45,639,A61,A73,4,A101,2,A123,1,A143,A152,1,A173,1,A191,A201,0,1,0
128,A12,12,A34,A41,1860,A61,A71,4,A101,2,A123,1,A143,A152,2,A174,1,A192,A201,1,1,0
129,A11,12,A34,A40,3499,A61,A73,3,A102,2,A121,1,A143,A152,2,A173,1,A191,A201,0,0,1
130,A12,48,A32,A40,8487,A65,A74,1,A101,2,A123,0,A143,A152,1,A173,1,A191,A201,1,0,1
131,A11,36,A33,A46,6887,A61,A73,4,A101,3,A122,1,A142,A152,1,A173,1,A192,A201,0,1,0
132,A11,24,A32,A42,2708,A61,A72,3,A101,3,A122,1,A143,A152,2,A173,1,A191,A201,0,1,0
133,A14,18,A32,A42,1984,A61,A73,4,A101,4,A124,1,A141,A153,2,A173,1,A191,A201,1,1,0
134,A14,60,A32,A43,10144,A62,A74,2,A101,4,A121,0,A143,A152,1,A173,1,A192,A201,1,0,1
135,A14,24,A34,A43,1240,A65,A75,4,A101,2,A123,1,A143,A152,2,A172,1,A192,A201,0,0,1
136,A12,12,A32,A41,8613,A63,A73,4,A101,2,A122,1,A142,A152,2,A172,1,A191,A201,0,1,0
137,A12,12,A32,A43,766,A63,A73,4,A101,3,A121,1,A143,A152,1,A172,1,A191,A201,0,1,0
138,A11,18,A32,A43,2728,A65,A74,4,A103,2,A124,1,A142,A152,3,A173,1,A192,A201,0,1,0
139,A14,36,A32,A43,1881,A62,A73,4,A101,2,A123,1,A143,A151,1,A173,1,A192,A201,0,0,1
140,A12,48,A32,A40,709,A61,A72,4,A101,2,A122,1,A143,A152,1,A173,1,A191,A202,0,1,1
141,A14,24,A32,A43,4795,A61,A72,4,A101,1,A123,1,A143,A152,1,A174,1,A192,A201,0,0,1
142,A12,36,A32,A43,3416,A63,A73,4,A101,2,A122,1,A143,A152,1,A173,1,A191,A201,0,1,0
143,A11,18,A32,A42,2462,A61,A73,2,A101,2,A123,0,A143,A152,1,A173,1,A191,A201,0,1,0
144,A14,21,A34,A42,2288,A61,A72,4,A101,4,A122,0,A143,A152,1,A173,1,A192,A201,1,0,1
145,A12,48,A31,A49,3566,A62,A74,4,A101,2,A123,1,A143,A152,1,A173,1,A191,A201,1,1,0
146,A11,6,A34,A40,860,A61,A75,1,A101,4,A124,1,A143,A152,2,A173,1,A192,A201,1,0,1
147,A14,12,A34,A40,682,A62,A74,4,A101,3,A123,1,A143,A152,2,A173,1,A192,A201,1,0,1
148,A11,36,A34,A42,5371,A61,A73,3,A103,2,A122,1,A143,A152,2,A173,1,A191,A201,1,1,0
149,A14,18,A34,A43,1582,A61,A75,4,A101,4,A122,1,A141,A152,2,A173,1,A191,A201,0,1,0
150,A14,6,A32,A43,1346,A62,A75,2,A101,4,A124,1,A141,A153,1,A173,2,A192,A201,1,1,0
151,A14,18,A30,A43,1924,A61,A73,4,A101,4,A123,1,A141,A152,1,A173,1,A192,A202,0,1,0
152,A13,36,A32,A43,5848,A61,A73,4,A101,1,A123,0,A143,A152,1,A173,1,A191,A201,1,1,0
153,A11,24,A32,A41,7758,A61,A75,3,A101,4,A121,1,A143,A151,1,A174,1,A191,A201,0,0,1
154,A12,24,A33,A49,6967,A62,A74,4,A101,4,A123,1,A143,A151,1,A174,1,A192,A201,1,1,0
155,A11,12,A32,A42,1282,A61,A73,2,A101,4,A123,0,A143,A151,1,A173,1,A191,A201,0,0,1
156,A11,9,A34,A45,1288,A62,A75,3,A103,4,A121,1,A143,A152,2,A173,2,A191,A202,1,1,0
157,A11,12,A31,A48,339,A61,A75,4,A101,1,A123,1,A141,A152,1,A172,1,A191,A201,1,1,1
158,A11,24,A33,A40,3512,A61,A74,1,A101,3,A122,1,A143,A152,2,A172,1,A192,A201,0,1,0
159,A14,6,A34,A43,1898,A65,A73,1,A101,2,A121,1,A143,A152,2,A172,2,A191,A201,1,1,0
160,A14,24,A34,A43,2872,A62,A75,3,A101,4,A121,1,A143,A152,1,A173,2,A192,A201,1,1,0
161,A14,12,A30,A40,1055,A61,A72,4,A101,1,A124,1,A143,A152,2,A172,1,A191,A201,0,0,1
162,A14,15,A32,A44,1262,A63,A74,4,A101,3,A122,1,A143,A152,2,A173,1,A192,A201,1,1,0
163,A12,10,A32,A40,7308,A61,A71,2,A101,4,A124,1,A141,A153,1,A174,1,A192,A201,1,1,0
164,A14,36,A32,A40,909,A63,A75,4,A101,4,A122,1,A143,A152,1,A173,1,A191,A201,1,1,0
165,A14,6,A32,A42,2978,A63,A73,1,A101,2,A123,1,A143,A152,1,A173,1,A192,A201,1,1,0
166,A11,18,A32,A42,1131,A61,A71,4,A101,2,A123,1,A143,A152,1,A173,1,A191,A201,0,0,1
167,A12,11,A32,A42,1577,A64,A72,4,A101,1,A121,0,A143,A152,1,A173,1,A191,A201,1,0,1
168,A14,24,A32,A42,3972,A61,A74,2,A101,4,A122,0,A143,A151,1,A173,1,A192,A201,1,0,1
169,A12,24,A34,A49,1935,A61,A75,4,A101,4,A121,1,A143,A152,2,A173,1,A192,A201,0,1,1
170,A11,15,A30,A40,950,A61,A75,4,A101,3,A123,1,A143,A151,2,A173,2,A191,A201,0,1,0
171,A14,12,A32,A42,763,A61,A73,4,A101,1,A121,1,A143,A152,1,A173,1,A192,A201,1,0,1
172,A12,24,A33,A42,2064,A61,A71,3,A101,2,A122,1,A143,A152,1,A174,1,A192,A201,0,0,1
173,A12,8,A32,A43,1414,A61,A73,4,A103,2,A121,1,A143,A152,1,A173,1,A191,A202,1,1,0
174,A11,21,A33,A46,3414,A61,A72,2,A101,1,A122,1,A143,A152,2,A173,1,A191,A201,0,1,0
175,A14,30,A31,A41,7485,A65,A71,4,A101,1,A121,1,A141,A152,1,A174,1,A192,A201,0,0,1
176,A14,24,A32,A42,2577,A61,A73,4,A101,1,A123,1,A143,A152,1,A173,1,A191,A201,0,1,1
177,A14,24,A32,A43,338,A61,A75,4,A101,4,A123,1,A143,A152,2,A173,1,A191,A201,0,1,0
178,A12,24,A32,A43,1963,A61,A74,3,A101,2,A124,1,A143,A151,2,A173,2,A192,A201,0,1,0
179,A11,21,A34,A40,571,A61,A75,4,A101,4,A121,1,A143,A152,2,A173,1,A191,A201,1,1,0
180,A14,36,A33,A49,9572,A61,A72,1,A101,1,A123,1,A143,A152,2,A173,1,A191,A201,0,1,1
181,A12,36,A33,A49,4455,A61,A73,2,A101,2,A121,1,A142,A152,2,A174,1,A192,A201,0,1,1
182,A11,21,A31,A40,1647,A65,A73,4,A101,2,A122,1,A143,A152,2,A172,2,A191,A201,0,1,0
183,A12,24,A32,A42,3777,A62,A73,4,A101,4,A121,1,A143,A152,1,A173,1,A192,A201,0,1,0
184,A12,18,A34,A40,884,A61,A75,4,A101,4,A123,1,A141,A152,1,A173,2,A192,A201,0,1,0
185,A14,15,A34,A43,1360,A61,A73,4,A101,2,A122,1,A143,A152,2,A173,1,A191,A201,1,1,0
186,A12,9,A31,A41,5129,A61,A75,2,A101,4,A124,1,A141,A153,1,A174,2,A192,A201,0,0,1
187,A12,6,A31,A40,1175,A61,A71,3,A101,3,A123,1,A143,A153,3,A173,1,A192,A201,0,1,0
188,A11,12,A32,A43,674,A62,A74,4,A101,1,A122,0,A143,A152,1,A173,1,A191,A201,0,1,1
189,A12,18,A30,A42,3244,A61,A73,1,A101,4,A123,1,A141,A152,2,A173,1,A192,A201,1,0,1
190,A14,24,A32,A49,4591,A64,A73,2,A101,3,A122,1,A143,A152,3,A174,1,A192,A201,0,1,0
191,A12,48,A30,A49,3844,A62,A74,4,A101,4,A124,1,A143,A153,1,A172,2,A191,A201,0,1,0
192,A12,27,A32,A49,3915,A61,A73,4,A101,2,A123,1,A143,A152,1,A173,2,A192,A201,0,1,0
193,A12,18,A34,A43,2108,A61,A74,1,A101,2,A122,1,A143,A151,1,A173,1,A191,A201,0,1,1
194,A12,45,A32,A43,3031,A62,A73,4,A103,4,A122,0,A143,A151,1,A173,1,A191,A201,0,1,0
195,A12,9,A34,A46,1501,A61,A75,2,A101,3,A123,1,A143,A152,2,A174,1,A192,A201,0,0,1
196,A14,24,A32,A43,1382,A61,A73,4,A101,1,A122,1,A141,A152,2,A173,1,A192,A201,0,0,1
197,A12,12,A32,A42,951,A62,A72,4,A101,4,A123,1,A141,A151,4,A173,1,A191,A201,0,0,1
198,A14,42,A32,A41,2760,A61,A75,4,A101,4,A121,1,A143,A153,1,A174,1,A192,A201,0,1,0
199,A12,18,A33,A42,4297,A61,A75,4,A101,3,A124,1,A143,A152,1,A174,1,A192,A201,0,1,1
200,A14,6,A32,A46,936,A61,A75,4,A101,2,A121,1,A142,A152,2,A173,1,A192,A201,0,1,0
201,A11,12,A32,A40,1168,A61,A73,4,A101,3,A121,1,A143,A152,1,A172,1,A191,A201,1,1,1
202,A14,9,A32,A49,5117,A61,A74,2,A101,4,A123,1,A143,A152,2,A173,1,A191,A201,0,1,0
203,A11,12,A32,A48,902,A61,A74,4,A101,4,A122,0,A143,A151,1,A173,1,A191,A201,0,1,1
204,A14,12,A34,A40,1495,A61,A75,4,A101,1,A121,1,A143,A152,2,A172,2,A191,A201,1,1,0
205,A11,21,A34,A41,10623,A61,A75,2,A101,4,A123,1,A143,A153,3,A174,2,A192,A201,0,1,0
206,A11,12,A32,A42,1935,A61,A75,4,A101,4,A121,1,A143,A152,3,A173,1,A192,A201,0,1,0
207,A14,15,A32,A44,1424,A61,A74,4,A101,3,A124,1,A143,A152,1,A174,1,A191,A201,0,1,0
208,A11,24,A32,A49,6568,A61,A73,2,A101,2,A123,0,A142,A152,1,A172,1,A191,A201,1,1,1
209,A14,12,A32,A41,1413,A62,A74,4,A101,2,A123,1,A141,A152,1,A173,1,A191,A202,0,1,0
210,A14,9,A34,A43,3074,A65,A73,1,A101,2,A121,1,A143,A152,2,A173,2,A191,A201,1,1,0
211,A14,36,A32,A43,3835,A65,A75,2,A101,4,A121,1,A143,A152,1,A172,1,A192,A201,1,0,1
212,A11,27,A30,A49,5293,A61,A71,2,A101,4,A122,1,A142,A152,2,A173,1,A192,A201,0,1,0
213,A13,30,A33,A49,1908,A61,A75,4,A101,4,A121,1,A143,A152,1,A174,1,A192,A201,0,1,0
214,A13,48,A32,A43,3342,A65,A75,1,A101,2,A121,1,A143,A152,1,A172,1,A192,A201,0,1,0
215,A14,36,A32,A48,932,A65,A74,1,A101,3,A123,1,A143,A152,2,A173,1,A191,A201,0,0,1
216,A11,18,A30,A49,3104,A61,A74,3,A101,1,A122,1,A141,A152,1,A173,1,A192,A201,1,1,0
217,A13,36,A32,A43,3913,A61,A73,2,A101,2,A121,0,A143,A152,1,A173,1,A192,A201,1,1,0
218,A11,24,A32,A42,3021,A61,A73,2,A101,2,A121,0,A143,A151,1,A172,1,A191,A201,1,1,1
219,A14,10,A32,A40,1364,A61,A73,2,A101,4,A123,1,A143,A152,1,A173,1,A192,A201,1,0,1
220,A12,24,A32,A43,625,A61,A72,2,A103,1,A123,1,A143,A152,1,A173,1,A191,A201,0,1,1
221,A11,12,A32,A46,1200,A65,A73,4,A101,4,A122,0,A141,A151,1,A173,1,A192,A201,1,0,1
222,A14,24,A34,A43,707,A62,A73,3,A101,2,A124,1,A143,A152,2,A174,1,A191,A201,0,1,0
223,A14,24,A33,A49,2978,A65,A73,4,A101,4,A121,1,A143,A152,2,A173,2,A192,A201,1,1,0
224,A13,6,A33,A41,4657,A64,A73,1,A101,2,A123,1,A143,A152,1,A173,1,A192,A201,0,1,0
225,A14,36,A30,A45,2613,A61,A73,4,A101,2,A123,1,A143,A152,2,A173,1,A191,A201,1,1,0
226,A12,48,A32,A43,10961,A64,A74,1,A102,2,A124,1,A141,A152,2,A173,1,A192,A201,0,1,0
227,A11,12,A32,A42,7865,A61,A75,4,A101,4,A124,1,A143,A153,1,A174,1,A192,A201,0,1,0
228,A14,9,A32,A43,1478,A61,A74,4,A101,2,A123,0,A143,A152,1,A173,1,A191,A201,0,1,0
229,A11,24,A32,A42,3149,A61,A72,4,A101,1,A124,0,A141,A153,1,A173,1,A191,A201,1,1,0
230,A13,36,A32,A43,4210,A61,A73,4,A101,2,A123,1,A143,A152,1,A173,1,A191,A201,0,1,0
231,A14,9,A32,A40,2507,A63,A75,2,A101,4,A124,1,A143,A153,1,A172,1,A191,A201,1,1,0
232,A12,9,A32,A43,2141,A61,A74,1,A101,1,A123,1,A143,A152,1,A173,1,A191,A201,0,1,0
233,A12,18,A32,A43,866,A61,A73,4,A103,2,A121,0,A143,A152,1,A172,1,A191,A201,1,1,1
234,A13,12,A30,A43,1544,A62,A74,1,A101,1,A121,1,A141,A152,3,A174,2,A191,A201,0,1,0
235,A11,24,A32,A43,1823,A61,A71,4,A101,2,A123,1,A142,A152,1,A174,2,A191,A201,0,1,0
236,A12,6,A32,A40,14555,A65,A71,1,A101,2,A122,0,A143,A152,1,A171,1,A192,A201,0,1,0
237,A12,21,A32,A49,2767,A62,A75,4,A101,2,A123,1,A141,A151,2,A172,1,A191,A201,0,1,1
238,A14,12,A34,A43,1291,A61,A73,4,A101,2,A122,1,A143,A152,2,A173,1,A191,A201,1,0,1
239,A14,18,A34,A43,2522,A61,A75,3,A103,3,A122,1,A143,A152,1,A173,2,A191,A201,0,1,0
240,A11,24,A32,A40,915,A65,A75,4,A101,2,A123,1,A141,A152,1,A173,1,A191,A201,0,0,1
241,A14,6,A32,A43,1595,A61,A74,3,A101,2,A122,1,A143,A152,1,A173,2,A191,A201,1,1,0
242,A11,48,A30,A41,4605,A61,A75,3,A101,4,A124,0,A143,A153,2,A173,2,A191,A201,0,1,0
243,A14,12,A34,A49,1185,A61,A73,3,A101,2,A121,1,A143,A152,2,A173,1,A191,A201,1,0,1
244,A14,27,A31,A48,3447,A65,A73,4,A101,3,A123,1,A143,A152,1,A173,2,A191,A201,0,0,1
245,A14,24,A32,A49,1258,A61,A74,4,A101,1,A121,0,A143,A152,1,A173,1,A192,A201,1,1,0
246,A14,12,A34,A43,717,A61,A75,4,A101,4,A121,1,A143,A152,3,A173,1,A191,A201,1,1,0
247,A14,6,A30,A40,1204,A62,A73,4,A101,1,A124,1,A141,A151,1,A173,1,A191,A202,1,1,0
248,A11,15,A34,A42,1925,A61,A73,4,A101,2,A123,1,A143,A152,1,A173,1,A191,A201,0,1,0
249,A14,18,A32,A43,433,A61,A71,3,A102,4,A121,0,A143,A151,1,A173,1,A191,A201,0,0,1
250,A14,18,A32,A40,666,A61,A74,4,A101,4,A123,1,A143,A152,2,A173,1,A192,A201,0,0,1
251,A13,12,A32,A42,2251,A61,A73,1,A101,2,A123,1,A143,A152,1,A172,1,A191,A201,1,0,1
252,A12,30,A32,A40,2150,A61,A73,4,A103,2,A124,0,A141,A152,1,A173,1,A191,A201,0,0,1
253,A14,18,A34,A42,4151,A61,A73,1,A101,3,A121,1,A143,A152,2,A173,1,A191,A201,0,1,0
254,A12,9,A32,A42,2030,A65,A74,2,A101,1,A123,0,A143,A152,1,A173,1,A192,A201,1,1,0
255,A12,60,A33,A43,7418,A65,A73,1,A101,1,A121,1,A143,A152,1,A172,1,A191,A201,1,1,0
256,A14,24,A34,A43,2684,A61,A73,4,A101,2,A121,1,A143,A152,2,A172,1,A191,A201,1,1,0
257,A11,12,A31,A43,2149,A61,A73,4,A101,1,A124,1,A143,A153,1,A173,1,A191,A201,0,1,1
258,A14,15,A32,A41,3812,A62,A72,1,A101,4,A123,0,A143,A152,1,A173,1,A192,A201,1,0,1
259,A14,11,A34,A43,1154,A62,A71,4,A101,4,A121,1,A143,A152,3,A172,1,A191,A201,1,0,1
260,A14,15,A32,A42,1657,A61,A73,1,A101,2,A123,1,A143,A152,1,A172,1,A191,A201,0,1,0
261,A14,24,A34,A43,1603,A61,A75,3,A101,4,A121,1,A143,A152,1,A173,1,A191,A201,0,0,1
262,A14,12,A34,A40,5302,A63,A75,3,A101,4,A122,1,A143,A153,3,A174,1,A192,A201,0,1,0
263,A14,24,A34,A46,2748,A65,A75,4,A101,4,A123,1,A143,A153,3,A174,1,A191,A201,0,0,1
264,A14,10,A34,A40,1231,A61,A75,3,A101,4,A121,1,A143,A152,2,A172,2,A191,A202,1,1,0
265,A12,15,A32,A43,802,A61,A75,4,A101,3,A123,1,A143,A152,1,A173,2,A191,A201,0,1,0
266,A14,36,A34,A49,6304,A65,A75,4,A101,4,A121,1,A143,A152,2,A173,1,A191,A201,1,1,0
267,A14,24,A32,A43,1533,A61,A72,4,A101,3,A123,1,A142,A152,1,A173,1,A192,A201,1,0,1
268,A11,14,A32,A40,8978,A61,A75,1,A101,4,A122,1,A143,A152,1,A174,1,A192,A202,0,1,1
269,A14,24,A32,A43,999,A65,A75,4,A101,2,A123,0,A143,A152,2,A173,1,A191,A201,1,1,0
270,A13,24,A32,A40,2662,A62,A74,4,A101,3,A121,1,A141,A152,1,A172,1,A191,A202,0,1,0
271,A11,8,A32,A42,1402,A61,A74,4,A101,4,A123,1,A143,A151,1,A173,1,A192,A201,0,0,1
272,A12,48,A31,A40,12169,A65,A71,4,A102,4,A124,1,A143,A153,1,A174,1,A192,A201,1,1,0
273,A12,48,A32,A43,3060,A61,A74,4,A101,4,A121,1,A143,A152,2,A173,1,A191,A201,0,1,0
274,A11,30,A32,A45,11998,A61,A72,1,A101,1,A124,1,A143,A152,1,A172,1,A192,A201,0,1,1
275,A12,6,A34,A43,2697,A61,A73,4,A101,2,A123,1,A143,A152,1,A173,2,A191,A201,0,1,0
276,A11,6,A33,A43,2404,A61,A73,4,A101,2,A121,1,A143,A152,2,A173,1,A191,A201,0,0,1
277,A11,12,A32,A42,1262,A65,A75,2,A101,4,A122,1,A143,A152,1,A172,1,A192,A201,1,1,1
278,A14,6,A32,A42,4611,A61,A72,1,A101,4,A122,1,A143,A152,1,A173,1,A191,A201,0,0,1
279,A12,10,A32,A43,1901,A61,A73,4,A101,4,A121,1,A143,A151,1,A173,1,A192,A201,0,1,0
280,A14,15,A34,A41,3368,A64,A75,3,A101,4,A124,0,A143,A151,2,A173,1,A192,A201,1,1,0
281,A14,12,A32,A42,1574,A61,A73,4,A101,2,A121,1,A143,A152,1,A173,1,A191,A201,1,1,0
282,A13,18,A31,A43,1445,A65,A74,4,A101,4,A123,1,A141,A152,1,A172,1,A191,A201,1,1,0
283,A14,15,A34,A42,1520,A65,A75,4,A101,4,A122,1,A143,A152,1,A173,1,A191,A201,1,1,0
284,A11,7,A32,A40,3878,A61,A72,2,A101,2,A123,1,A141,A152,1,A173,1,A192,A201,0,1,1
285,A11,12,A33,A40,10722,A65,A72,4,A101,1,A121,1,A142,A152,1,A173,1,A192,A201,0,0,1
286,A12,14,A30,A41,4788,A61,A74,2,A101,3,A121,1,A141,A152,1,A173,2,A191,A201,0,1,0
287,A14,48,A33,A410,7582,A61,A71,4,A101,4,A123,1,A143,A153,1,A173,1,A192,A201,0,1,0
288,A14,30,A32,A43,1092,A62,A73,3,A103,4,A123,1,A143,A152,2,A174,1,A192,A201,0,0,1
289,A11,24,A33,A43,1024,A61,A72,4,A101,4,A121,1,A142,A152,1,A173,1,A191,A201,0,1,1
290,A12,36,A32,A49,1076,A61,A73,1,A101,2,A121,1,A143,A152,1,A174,1,A192,A202,0,1,1
291,A12,36,A32,A41,9398,A61,A72,1,A101,4,A123,1,A143,A151,1,A174,1,A192,A201,0,1,1
292,A11,15,A32,A41,6419,A61,A75,2,A101,4,A123,1,A143,A153,2,A174,2,A192,A201,0,0,1
293,A13,42,A34,A41,4796,A61,A75,4,A101,4,A124,1,A143,A153,1,A173,1,A191,A201,1,1,0
294,A14,48,A34,A49,7629,A65,A75,4,A101,2,A123,1,A141,A152,2,A174,2,A191,A201,1,1,1
295,A12,48,A32,A42,9960,A61,A72,1,A101,2,A123,1,A143,A152,1,A173,1,A192,A201,0,0,1
296,A14,12,A32,A41,4675,A65,A72,1,A101,4,A123,0,A143,A151,1,A173,1,A191,A201,1,0,1
297,A14,10,A32,A40,1287,A65,A75,4,A102,2,A122,1,A143,A152,1,A172,1,A191,A202,1,1,0
298,A14,18,A32,A42,2515,A61,A73,3,A101,4,A121,1,A143,A152,1,A173,1,A192,A201,1,1,0
299,A12,21,A34,A42,2745,A64,A74,3,A101,2,A123,1,A143,A152,2,A173,1,A192,A201,1,1,0
300,A11,36,A32,A40,672,A62,A71,1,A101,4,A124,1,A143,A152,1,A173,1,A192,A201,0,0,1
301,A12,36,A30,A43,3804,A61,A73,4,A101,1,A123,1,A143,A152,1,A173,1,A192,A201,0,0,1
302,A13,24,A34,A40,1344,A65,A74,4,A101,2,A121,1,A141,A152,2,A172,2,A191,A201,0,1,0
303,A12,36,A32,A40,1038,A61,A74,2,A102,3,A124,1,A141,A152,2,A173,1,A192,A201,0,1,0
304,A14,48,A34,A40,10127,A63,A73,2,A101,2,A124,1,A141,A153,1,A173,1,A191,A201,0,1,0
305,A14,6,A32,A42,1543,A64,A73,4,A101,2,A121,1,A143,A152,1,A173,1,A191,A201,1,1,1
306,A14,30,A32,A41,4811,A65,A74,2,A101,4,A122,0,A142,A151,1,A172,1,A191,A201,1,0,1
307,A11,12,A32,A43,727,A62,A72,4,A101,3,A124,1,A143,A152,1,A172,1,A192,A201,0,1,1
308,A12,8,A32,A42,1237,A61,A73,3,A101,4,A121,0,A143,A152,1,A173,1,A191,A201,0,0,1
309,A12,9,A32,A40,276,A61,A73,4,A101,4,A121,0,A143,A151,1,A172,1,A191,A201,1,1,1
310,A12,48,A32,A410,5381,A65,A71,3,A101,4,A124,1,A141,A153,1,A171,1,A192,A201,1,1,0
311,A14,24,A32,A42,5511,A62,A73,4,A101,1,A123,0,A142,A152,1,A173,1,A191,A201,1,1,0
312,A13,24,A32,A42,3749,A61,A72,2,A101,4,A123,1,A143,A152,1,A173,1,A191,A201,1,0,1
313,A12,12,A32,A40,685,A61,A74,2,A101,3,A123,0,A141,A152,1,A172,1,A191,A201,0,1,1
314,A12,30,A32,A40,1494,A61,A72,4,A101,2,A121,1,A143,A152,1,A173,2,A191,A202,0,1,0
315,A11,36,A31,A42,2746,A61,A75,4,A101,4,A123,1,A141,A152,1,A173,1,A191,A201,0,1,0
316,A14,24,A32,A42,708,A61,A73,1,A103,3,A124,1,A142,A152,1,A173,2,A191,A201,0,1,0
317,A12,6,A32,A42,4351,A65,A73,1,A101,4,A122,1,A141,A152,1,A171,1,A192,A201,0,0,1
318,A11,18,A32,A46,701,A65,A73,3,A101,2,A123,1,A143,A152,2,A172,1,A191,A201,0,1,0
319,A14,24,A34,A42,3643,A62,A75,2,A101,4,A124,1,A143,A152,2,A174,1,A191,A201,0,0,1
320,A12,30,A34,A40,4249,A61,A71,4,A101,2,A123,1,A143,A152,2,A174,1,A191,A201,0,1,1
321,A11,24,A32,A43,1938,A61,A72,4,A101,3,A122,1,A143,A152,1,A173,1,A191,A201,0,1,1
322,A11,24,A32,A41,2910,A61,A74,2,A101,1,A124,1,A143,A153,1,A174,1,A192,A201,1,1,0
323,A14,36,A30,A42,2659,A62,A73,3,A101,2,A121,1,A143,A152,1,A174,1,A191,A201,0,1,0
324,A13,24,A34,A40,1028,A61,A73,2,A101,3,A123,1,A143,A152,2,A173,1,A191,A201,0,0,1
325,A11,8,A34,A40,3398,A61,A74,1,A101,4,A121,1,A143,A152,2,A172,1,A191,A202,1,1,0
326,A14,12,A34,A42,5801,A65,A75,2,A101,4,A122,1,A143,A151,1,A173,1,A192,A201,1,1,0
327,A14,36,A32,A40,1525,A61,A74,4,A101,3,A122,1,A143,A152,1,A174,2,A192,A201,0,0,1
328,A13,36,A32,A43,4473,A61,A75,4,A101,2,A123,1,A143,A152,1,A173,1,A191,A201,1,1,0
329,A14,18,A32,A43,1068,A61,A75,4,A101,4,A123,1,A143,A152,1,A172,2,A191,A201,0,1,0
330,A12,36,A34,A41,6615,A61,A71,4,A101,4,A124,1,A143,A153,2,A173,1,A192,A201,0,1,0
331,A14,18,A34,A46,1864,A62,A73,4,A101,2,A121,1,A143,A152,2,A173,1,A191,A201,0,0,1
332,A12,60,A32,A40,7408,A62,A72,4,A101,2,A122,0,A143,A152,1,A174,1,A191,A201,0,0,1
333,A14,48,A34,A41,11590,A62,A73,2,A101,4,A123,0,A141,A151,2,A172,1,A191,A201,0,0,1
334,A11,24,A30,A42,4110,A61,A75,3,A101,4,A124,0,A141,A151,2,A173,2,A191,A201,0,1,0
335,A11,6,A34,A42,3384,A61,A73,1,A101,4,A121,1,A143,A151,1,A174,1,A192,A201,0,1,1
336,A12,13,A32,A43,2101,A61,A72,2,A103,4,A122,0,A143,A152,1,A172,1,A191,A201,1,0,1
337,A11,15,A32,A44,1275,A65,A73,4,A101,2,A123,0,A143,A151,1,A173,1,A191,A201,0,0,1
338,A12,24,A31,A42,4169,A61,A73,4,A101,4,A122,1,A142,A152,1,A173,1,A191,A201,0,1,0
339,A12,10,A32,A42,1521,A61,A73,4,A101,2,A123,1,A143,A152,1,A172,1,A191,A201,1,1,1
340,A12,24,A34,A46,5743,A61,A72,2,A101,4,A124,0,A143,A153,2,A173,1,A192,A201,1,0,1
341,A11,21,A32,A42,3599,A61,A74,1,A101,4,A123,1,A143,A151,1,A172,1,A191,A201,1,0,1
342,A12,18,A32,A43,3213,A63,A72,1,A101,3,A121,0,A143,A151,1,A173,1,A191,A201,1,1,1
343,A12,18,A32,A49,4439,A61,A75,1,A102,1,A121,1,A141,A152,1,A174,1,A192,A201,1,1,0
344,A11,30,A34,A40,3949,A61,A72,2,A103,1,A123,1,A143,A152,1,A173,2,A191,A201,0,1,0
345,A12,12,A33,A43,1459,A61,A73,4,A101,2,A123,1,A143,A152,1,A173,1,A191,A201,0,0,1
346,A12,13,A34,A43,882,A61,A72,4,A103,4,A121,0,A143,A152,2,A173,1,A191,A201,1,1,0
347,A12,24,A32,A43,3758,A63,A71,1,A101,4,A124,0,A143,A151,1,A171,1,A191,A201,1,0,1
348,A14,6,A33,A49,1743,A62,A73,1,A101,2,A121,1,A143,A152,2,A172,1,A191,A201,1,1,0
349,A12,9,A34,A46,1136,A64,A75,4,A101,3,A124,1,A143,A153,2,A173,2,A191,A201,0,1,0
350,A14,9,A32,A44,1236,A61,A72,1,A101,4,A121,0,A143,A151,1,A173,1,A192,A201,1,0,1
351,A12,9,A32,A42,959,A61,A73,1,A101,2,A123,1,A143,A152,1,A173,1,A191,A202,0,0,1
352,A12,24,A32,A41,3229,A61,A71,4,A101,4,A124,1,A143,A152,1,A172,1,A192,A201,0,1,0
353,A11,12,A30,A43,6199,A61,A73,4,A101,2,A122,1,A143,A151,2,A173,1,A192,A201,0,1,0
354,A12,12,A32,A46,727,A65,A75,4,A101,4,A122,1,A143,A153,1,A173,1,A192,A201,0,1,0
355,A12,24,A32,A40,1246,A61,A72,4,A101,2,A121,0,A142,A152,1,A172,1,A191,A201,0,1,0
356,A14,12,A34,A43,2331,A65,A75,1,A102,4,A121,1,A143,A152,1,A173,1,A192,A201,1,1,0
357,A14,36,A33,A43,4463,A61,A73,4,A101,2,A123,1,A143,A152,2,A174,1,A192,A201,0,1,0
358,A14,12,A32,A43,776,A61,A73,4,A101,2,A121,1,A143,A152,1,A173,1,A191,A201,1,1,1
359,A11,30,A32,A42,2406,A61,A74,4,A101,4,A121,0,A143,A151,1,A173,1,A191,A201,0,0,1
360,A12,18,A32,A46,1239,A65,A73,4,A101,4,A124,1,A143,A153,1,A173,1,A191,A201,1,1,0
361,A12,24,A32,A43,3399,A61,A75,2,A101,3,A121,1,A142,A152,1,A173,1,A191,A201,0,1,0
362,A13,24,A34,A40,2247,A61,A73,2,A101,2,A121,1,A143,A152,2,A172,1,A192,A201,0,0,1
363,A14,6,A32,A42,1766,A61,A73,1,A101,2,A122,0,A143,A151,1,A173,1,A191,A201,1,1,1
364,A11,18,A32,A42,2473,A61,A71,4,A101,1,A123,0,A143,A152,1,A171,1,A191,A201,0,1,0
365,A12,18,A32,A49,1542,A61,A74,4,A101,4,A123,1,A143,A152,1,A173,1,A192,A201,0,1,0
366,A14,18,A34,A41,3850,A61,A74,3,A101,1,A123,1,A143,A152,2,A173,1,A191,A201,1,1,0
367,A11,18,A32,A42,3650,A61,A72,1,A101,4,A123,0,A143,A151,1,A173,1,A191,A201,1,0,1
368,A11,36,A32,A42,3446,A61,A75,4,A101,2,A123,1,A143,A152,1,A173,2,A191,A201,0,1,0
369,A12,18,A32,A42,3001,A61,A74,2,A101,4,A121,1,A143,A151,1,A173,1,A191,A201,1,0,1
370,A14,48,A32,A40,3079,A61,A73,4,A101,4,A122,1,A141,A152,1,A173,1,A191,A201,0,1,0
371,A14,18,A34,A43,6070,A61,A75,3,A101,4,A123,1,A143,A152,2,A173,1,A192,A201,1,1,0
372,A14,10,A34,A42,2146,A61,A72,1,A101,3,A121,0,A143,A151,2,A173,1,A191,A201,1,0,1
373,A14,60,A34,A40,13756,A65,A75,2,A101,4,A124,1,A141,A153,1,A174,1,A192,A201,1,1,0
374,A12,60,A31,A410,14782,A62,A75,3,A101,4,A124,1,A141,A153,2,A174,1,A192,A201,0,0,1
375,A11,48,A31,A49,7685,A61,A74,2,A103,4,A123,1,A143,A151,1,A173,1,A191,A201,0,0,1
376,A14,18,A33,A43,2320,A61,A71,2,A101,3,A121,1,A143,A152,2,A173,1,A191,A201,1,1,1
377,A14,24,A32,A43,846,A61,A75,4,A101,4,A122,1,A143,A153,1,A171,1,A191,A201,0,1,0
378,A12,36,A32,A40,14318,A61,A75,4,A101,2,A124,1,A143,A153,1,A174,1,A192,A201,0,1,0
379,A14,6,A34,A40,362,A62,A73,4,A101,4,A123,1,A143,A152,2,A172,1,A191,A201,1,0,1
380,A11,20,A32,A42,2212,A65,A74,4,A101,4,A123,1,A143,A152,1,A173,1,A192,A201,1,1,0
381,A12,18,A32,A41,12976,A61,A71,3,A101,4,A124,1,A143,A153,1,A174,1,A192,A201,0,0,1
382,A14,22,A32,A40,1283,A65,A74,4,A101,4,A122,0,A143,A151,1,A173,1,A191,A201,1,0,1
383,A14,12,A32,A40,1330,A61,A72,2,A101,1,A122,1,A141,A152,1,A172,1,A191,A201,0,1,0
384,A14,30,A33,A49,4272,A62,A73,2,A101,2,A122,1,A143,A152,2,A172,1,A191,A201,1,1,0
385,A14,18,A34,A43,2238,A61,A73,2,A101,1,A123,0,A143,A152,2,A173,1,A191,A201,1,0,1
386,A14,18,A32,A43,1126,A65,A72,4,A101,2,A121,0,A143,A151,1,A173,1,A192,A201,1,0,1
387,A11,24,A32,A42,7374,A61,A71,2,A101,4,A121,1,A141,A152,2,A174,1,A192,A201,0,1,0
388,A12,21,A31,A49,2326,A61,A73,2,A101,4,A121,1,A143,A152,1,A171,1,A191,A201,0,1,0
389,A14,9,A32,A49,1449,A61,A74,3,A101,2,A123,1,A143,A152,2,A173,1,A191,A201,1,0,1
390,A14,18,A32,A40,1820,A61,A73,2,A101,2,A122,1,A143,A152,1,A174,1,A192,A201,1,1,1
391,A12,12,A32,A42,983,A64,A72,1,A101,4,A121,0,A143,A151,1,A172,1,A191,A201,1,0,1
392,A14,12,A30,A40,3249,A61,A74,2,A101,4,A123,1,A143,A153,1,A174,2,A192,A201,0,1,0
393,A11,6,A34,A43,1957,A61,A74,1,A101,4,A123,1,A143,A152,1,A173,1,A191,A201,1,0,1
394,A11,12,A32,A42,2406,A64,A71,3,A101,3,A124,1,A143,A152,1,A173,1,A191,A201,0,1,0
395,A12,39,A33,A46,11760,A62,A74,2,A101,3,A124,1,A143,A151,1,A173,1,A192,A201,1,1,0
396,A11,24,A32,A42,2578,A61,A71,2,A101,4,A121,1,A143,A153,1,A172,1,A191,A201,0,0,1
397,A11,24,A32,A42,2348,A61,A73,3,A101,2,A121,1,A143,A152,2,A172,1,A192,A201,0,1,1
398,A12,12,A32,A40,1223,A61,A75,1,A101,1,A121,1,A143,A151,2,A173,1,A191,A201,0,1,1
399,A14,24,A34,A43,1516,A64,A73,4,A101,1,A121,1,A143,A152,2,A172,1,A191,A201,1,0,1
400,A12,48,A32,A43,1473,A61,A72,2,A101,4,A122,1,A143,A152,1,A173,1,A192,A201,0,1,1
401,A14,28,A32,A49,1887,A61,A73,1,A101,4,A124,1,A143,A152,2,A173,1,A191,A201,0,1,1
402,A14,24,A33,A49,8648,A61,A72,2,A101,2,A123,1,A141,A152,2,A173,1,A192,A201,0,1,0
403,A14,14,A33,A40,802,A61,A73,4,A101,2,A123,1,A143,A152,2,A172,1,A191,A201,1,1,0
404,A12,12,A32,A40,2899,A61,A75,2,A101,4,A123,1,A143,A152,1,A173,2,A191,A201,0,1,0
405,A12,24,A32,A43,2039,A61,A72,1,A101,1,A122,0,A143,A152,1,A173,1,A192,A201,0,1,1
406,A14,24,A34,A41,2197,A65,A74,4,A101,4,A123,1,A143,A152,2,A173,2,A192,A201,1,1,0
407,A11,15,A32,A43,1053,A61,A72,4,A101,2,A121,1,A143,A152,1,A173,1,A191,A202,1,1,1
408,A14,18,A33,A43,3235,A61,A75,2,A101,2,A123,1,A141,A152,1,A173,1,A192,A201,0,1,1
409,A13,12,A34,A40,939,A63,A74,4,A101,2,A121,1,A143,A152,3,A173,1,A192,A201,0,1,1
410,A12,24,A32,A43,1967,A61,A75,4,A101,4,A123,0,A143,A152,1,A173,1,A192,A201,1,0,1
411,A11,12,A33,A41,7253,A65,A74,4,A101,2,A123,1,A143,A152,2,A174,1,A192,A201,0,1,0
412,A14,12,A34,A49,2292,A61,A71,4,A101,2,A123,1,A142,A152,2,A174,1,A192,A201,0,1,0
413,A11,15,A32,A40,1597,A61,A73,3,A101,2,A123,1,A141,A151,1,A173,2,A191,A202,0,1,0
414,A11,24,A32,A40,1381,A65,A73,4,A101,2,A122,1,A143,A152,1,A173,1,A191,A201,0,0,1
415,A14,36,A34,A41,5842,A61,A75,2,A101,2,A122,1,A143,A152,2,A173,2,A192,A201,1,1,0
416,A11,12,A32,A40,2579,A61,A72,4,A101,1,A121,1,A143,A152,1,A172,2,A191,A201,0,1,0
417,A11,18,A33,A46,8471,A65,A73,1,A101,2,A123,0,A143,A151,2,A173,1,A192,A201,1,0,1
418,A14,12,A30,A40,2782,A61,A74,4,A101,2,A121,1,A143,A152,1,A172,1,A191,A201,0,0,1
419,A12,18,A32,A40,1042,A65,A73,4,A101,2,A122,1,A143,A152,1,A173,1,A191,A201,0,0,1
420,A14,15,A32,A40,3186,A64,A74,2,A101,3,A123,0,A143,A151,1,A173,1,A191,A201,1,0,1
421,A12,24,A32,A41,2028,A63,A73,4,A101,2,A124,1,A143,A152,1,A173,1,A191,A201,0,1,0
422,A12,12,A34,A40,958,A61,A74,2,A101,3,A121,1,A143,A152,2,A172,2,A191,A201,1,1,0
423,A14,21,A33,A42,1591,A62,A74,4,A101,3,A121,1,A143,A152,2,A174,1,A191,A201,1,1,0
424,A12,12,A32,A42,2762,A65,A75,1,A101,2,A122,0,A141,A152,1,A173,1,A192,A201,0,0,1
425,A12,18,A32,A41,2779,A61,A73,1,A101,3,A123,0,A143,A151,1,A173,1,A192,A201,1,1,1
426,A14,28,A34,A43,2743,A61,A75,4,A101,2,A123,1,A143,A152,2,A173,1,A191,A201,1,1,0
427,A14,18,A34,A43,1149,A64,A73,4,A101,3,A121,1,A143,A152,2,A173,1,A191,A201,1,1,0
428,A14,9,A32,A42,1313,A61,A75,1,A101,4,A123,0,A143,A152,1,A173,1,A191,A201,1,1,0
429,A11,18,A34,A45,1190,A61,A71,2,A101,4,A124,1,A143,A153,3,A171,2,A191,A201,0,0,1
430,A11,18,A32,A49,3448,A65,A74,3,A101,4,A121,1,A143,A152,1,A173,1,A191,A201,0,1,0
431,A12,24,A32,A410,11328,A61,A73,2,A102,3,A123,1,A141,A152,2,A174,1,A192,A201,0,1,0
432,A11,6,A34,A42,1872,A61,A71,4,A101,4,A124,1,A143,A153,3,A174,1,A192,A201,1,1,0
433,A14,24,A34,A45,2058,A61,A73,4,A101,2,A121,1,A143,A152,2,A173,1,A192,A201,1,1,1
434,A11,9,A32,A42,2136,A61,A73,3,A101,2,A121,0,A143,A152,1,A173,1,A191,A201,1,1,0
435,A12,12,A32,A43,1484,A65,A73,2,A101,1,A121,0,A143,A152,1,A173,1,A192,A201,0,1,1
436,A14,6,A32,A45,660,A63,A74,2,A101,4,A121,0,A143,A151,1,A172,1,A191,A201,1,1,1
437,A12,36,A34,A40,1287,A61,A75,4,A101,4,A124,1,A143,A152,2,A172,1,A192,A201,0,0,1
438,A11,42,A34,A45,3394,A61,A71,4,A102,4,A123,1,A143,A152,2,A171,1,A191,A201,1,1,0
439,A13,12,A31,A49,609,A61,A72,4,A101,1,A121,1,A143,A152,1,A171,1,A191,A201,0,0,1
440,A14,12,A30,A40,1884,A61,A75,1,A101,4,A121,1,A141,A152,1,A173,1,A192,A201,0,1,0
441,A12,12,A30,A42,1620,A61,A73,2,A102,3,A122,1,A141,A152,1,A174,1,A191,A201,0,0,1
442,A14,9,A32,A410,2629,A65,A73,4,A101,3,A123,1,A141,A152,2,A174,1,A192,A201,0,1,0
443,A14,12,A32,A46,719,A61,A75,4,A101,4,A123,1,A141,A152,1,A172,2,A191,A201,0,1,0
444,A12,48,A34,A42,5096,A61,A73,2,A101,3,A123,1,A143,A152,1,A174,1,A192,A201,0,0,1
445,A14,9,A34,A46,1244,A65,A75,4,A101,4,A122,1,A143,A151,2,A172,1,A191,A201,1,0,1
446,A11,36,A32,A40,1842,A61,A72,4,A101,4,A123,1,A143,A152,1,A173,1,A192,A201,0,0,1
447,A12,7,A32,A43,2576,A61,A73,2,A103,2,A121,1,A143,A152,1,A173,1,A191,A201,1,1,0
448,A12,18,A32,A42,1424,A63,A75,4,A101,4,A121,1,A143,A152,1,A173,1,A192,A201,0,0,1
449,A12,15,A33,A45,1512,A64,A73,3,A101,3,A122,1,A142,A152,2,A173,1,A191,A201,0,1,1
450,A14,36,A34,A41,11054,A65,A73,4,A101,2,A123,1,A143,A152,1,A174,1,A192,A201,1,1,0
451,A14,15,A32,A43,518,A65,A73,2,A101,1,A123,1,A141,A152,1,A173,1,A191,A201,0,0,1
452,A14,12,A30,A42,2759,A61,A75,2,A101,4,A122,1,A143,A152,2,A173,1,A191,A201,1,1,0
453,A14,24,A32,A41,2670,A61,A75,4,A101,4,A123,1,A143,A152,1,A174,1,A192,A201,1,1,0
454,A11,24,A32,A40,4817,A61,A74,2,A102,3,A122,1,A143,A152,1,A173,1,A192,A201,0,1,0
455,A14,36,A32,A41,2679,A65,A72,1,A101,1,A122,1,A143,A152,1,A172,1,A192,A201,0,0,1
456,A14,24,A32,A40,3905,A61,A73,4,A101,2,A123,1,A141,A151,2,A174,2,A191,A201,0,1,0
457,A11,12,A32,A41,3386,A61,A75,3,A101,4,A124,1,A143,A153,1,A173,1,A192,A201,0,1,0
458,A11,6,A32,A44,343,A61,A72,4,A101,1,A121,1,A143,A152,1,A173,1,A191,A201,1,0,1
459,A11,36,A33,A43,4594,A65,A72,1,A101,2,A121,1,A143,A152,1,A171,1,A192,A201,0,1,0
460,A11,36,A32,A42,3620,A61,A73,1,A103,2,A122,1,A143,A152,1,A173,2,A191,A201,1,1,0
461,A12,15,A34,A40,1721,A61,A72,2,A101,3,A122,1,A143,A152,1,A174,1,A191,A201,0,1,0
462,A12,36,A31,A42,3017,A62,A72,3,A101,1,A121,1,A143,A151,1,A174,1,A191,A201,0,0,1
463,A12,12,A32,A48,754,A65,A75,4,A101,4,A122,1,A143,A152,2,A173,1,A191,A201,1,1,0
464,A14,18,A32,A49,1950,A61,A74,4,A101,1,A123,1,A142,A152,2,A173,1,A192,A201,1,1,0
465,A11,24,A32,A41,2924,A61,A73,3,A103,4,A124,1,A141,A152,1,A173,2,A192,A201,1,1,0
466,A11,24,A33,A43,1659,A61,A72,4,A101,2,A123,1,A143,A151,1,A172,1,A192,A201,0,0,1
467,A12,18,A32,A43,7238,A61,A75,1,A101,3,A123,1,A143,A152,2,A172,2,A191,A201,0,1,0
468,A14,33,A33,A49,2764,A61,A73,2,A101,2,A123,1,A143,A152,2,A173,1,A192,A201,1,0,1
469,A14,24,A33,A41,4679,A61,A74,3,A101,3,A123,1,A143,A152,2,A172,1,A192,A201,1,1,0
470,A12,24,A32,A43,3092,A62,A72,3,A101,2,A123,0,A143,A151,1,A173,1,A192,A201,0,1,1
471,A11,6,A32,A46,448,A61,A72,4,A101,4,A122,0,A143,A152,1,A173,1,A191,A201,0,0,1
472,A11,9,A32,A40,654,A61,A73,4,A101,3,A123,1,A143,A152,1,A172,1,A191,A201,0,1,0
473,A14,6,A32,A48,1238,A65,A71,4,A101,4,A122,1,A143,A152,1,A174,2,A192,A201,1,1,0
474,A12,18,A34,A43,1245,A61,A73,4,A101,2,A123,1,A143,A152,1,A173,1,A191,A201,0,1,1
475,A11,18,A30,A42,3114,A61,A72,1,A101,4,A122,1,A143,A151,1,A173,1,A191,A201,0,0,1
476,A14,39,A32,A41,2569,A63,A73,4,A101,4,A123,0,A143,A152,1,A173,1,A191,A201,1,1,0
477,A13,24,A32,A43,5152,A61,A74,4,A101,2,A123,0,A141,A152,1,A173,1,A191,A201,1,1,0
478,A12,12,A32,A49,1037,A62,A74,3,A101,4,A121,1,A143,A152,1,A172,1,A191,A201,1,1,0
479,A11,15,A34,A42,1478,A61,A75,4,A101,4,A123,1,A143,A152,2,A173,2,A192,A201,1,1,0
480,A12,12,A34,A43,3573,A61,A73,1,A101,1,A121,0,A143,A152,1,A172,1,A191,A201,1,0,1
481,A12,11,A30,A40,1201,A65,A72,4,A101,1,A121,1,A143,A152,1,A172,1,A191,A201,0,1,0
482,A11,30,A32,A42,3622,A64,A75,4,A101,4,A122,1,A143,A151,2,A173,1,A192,A201,1,0,1
483,A14,15,A33,A42,960,A64,A74,3,A101,2,A122,1,A143,A152,2,A173,1,A191,A201,1,0,1
484,A14,12,A34,A40,1163,A63,A73,4,A101,4,A121,1,A143,A152,1,A173,1,A192,A201,1,1,0
485,A12,6,A33,A40,1209,A61,A71,4,A101,4,A122,1,A143,A152,1,A174,1,A192,A201,0,1,0
486,A14,12,A32,A43,3077,A61,A73,2,A101,4,A123,1,A143,A152,1,A173,1,A192,A201,1,1,0
487,A14,24,A32,A40,3757,A61,A75,4,A102,4,A124,1,A143,A153,1,A173,1,A192,A201,1,0,1
488,A14,10,A32,A40,1418,A62,A73,3,A101,2,A121,1,A143,A151,1,A172,1,A191,A202,1,1,0
489,A12,30,A34,A40,3518,A65,A73,4,A103,3,A122,1,A142,A151,1,A173,1,A191,A201,0,1,0
490,A14,12,A34,A43,1934,A61,A75,2,A101,2,A124,1,A143,A152,2,A173,1,A191,A201,1,1,0
491,A12,27,A30,A49,8318,A61,A75,2,A101,4,A124,1,A143,A153,2,A174,1,A192,A201,0,0,1
492,A12,42,A33,A43,1237,A62,A73,2,A101,1,A124,1,A143,A152,2,A173,1,A191,A201,0,0,1
493,A12,6,A32,A43,368,A65,A75,4,A101,4,A122,1,A143,A152,1,A173,1,A191,A201,1,1,0
494,A12,12,A32,A40,2122,A61,A73,4,A101,2,A124,1,A141,A151,2,A173,2,A191,A202,0,1,0
495,A11,24,A32,A42,2996,A65,A73,2,A101,4,A123,0,A143,A152,1,A173,1,A191,A201,0,1,1
496,A12,36,A32,A42,9034,A62,A72,4,A102,1,A124,1,A143,A151,1,A174,1,A192,A201,0,1,0
497,A12,21,A32,A42,1585,A61,A74,2,A101,3,A123,1,A141,A152,2,A172,1,A191,A201,0,1,0
498,A12,18,A32,A43,1301,A61,A75,4,A103,2,A121,1,A143,A152,1,A172,1,A191,A201,1,1,1
499,A14,24,A32,A40,1323,A61,A75,3,A101,4,A124,1,A141,A152,2,A173,2,A192,A201,0,1,1
500,A11,24,A32,A40,3123,A61,A72,4,A101,1,A122,1,A143,A152,1,A173,1,A191,A201,0,0,1
501,A11,36,A32,A41,5493,A61,A75,2,A101,4,A124,1,A143,A153,1,A173,2,A191,A201,1,1,0
502,A13,9,A32,A43,1126,A62,A75,2,A101,4,A121,1,A143,A152,1,A173,1,A191,A201,1,1,1
503,A12,24,A34,A43,1216,A62,A72,4,A101,4,A124,1,A141,A152,2,A173,2,A191,A201,0,1,0
504,A11,24,A32,A40,1207,A61,A72,4,A101,4,A122,0,A143,A151,1,A173,1,A191,A201,0,0,1
505,A14,10,A32,A40,1309,A65,A73,4,A103,4,A122,1,A143,A152,1,A172,1,A191,A201,0,1,0
506,A14,24,A32,A41,2360,A61,A73,3,A101,2,A123,1,A143,A152,1,A173,1,A192,A201,0,1,0
507,A12,15,A31,A40,6850,A62,A71,1,A101,2,A122,1,A143,A152,1,A174,2,A192,A201,0,1,0
508,A11,42,A32,A43,1413,A61,A73,4,A101,2,A124,1,A143,A152,1,A173,1,A191,A201,0,1,1
509,A14,39,A32,A41,8588,A62,A75,4,A101,2,A123,1,A143,A152,1,A174,1,A192,A201,1,1,0
510,A11,12,A32,A40,759,A61,A74,4,A101,2,A121,1,A143,A152,1,A173,1,A191,A201,0,1,0
511,A14,36,A32,A41,4686,A61,A73,2,A101,2,A124,1,A143,A153,1,A174,1,A192,A201,1,1,0
512,A14,24,A32,A49,2687,A61,A74,2,A101,4,A123,1,A143,A151,1,A173,1,A192,A201,0,1,0
513,A12,12,A33,A43,585,A61,A73,4,A102,4,A121,0,A143,A151,2,A173,1,A191,A201,1,1,1
514,A14,24,A32,A40,2255,A65,A72,4,A101,1,A122,1,A143,A152,1,A173,1,A191,A201,1,1,0
515,A11,42,A32,A40,609,A61,A74,3,A101,3,A123,1,A143,A152,2,A174,1,A191,A202,0,0,1
516,A11,6,A34,A40,1361,A61,A72,2,A101,4,A121,1,A143,A152,1,A172,2,A191,A202,1,1,0
517,A14,36,A34,A42,7127,A61,A72,2,A101,4,A122,0,A143,A151,2,A173,1,A192,A201,0,0,1
518,A11,6,A32,A40,1203,A62,A75,3,A101,2,A122,1,A143,A152,1,A173,1,A192,A201,1,1,0
519,A14,6,A34,A43,700,A65,A75,4,A101,4,A124,1,A143,A153,2,A173,1,A191,A201,1,1,0
520,A14,24,A34,A45,5507,A61,A75,3,A101,4,A124,1,A143,A153,2,A173,1,A191,A201,1,1,0
521,A11,18,A32,A43,3190,A61,A73,2,A101,2,A121,0,A143,A152,1,A173,1,A191,A201,0,0,1
522,A11,48,A30,A42,7119,A61,A73,3,A101,4,A124,1,A143,A153,2,A173,2,A191,A201,0,1,0
523,A14,24,A32,A41,3488,A62,A74,3,A101,4,A123,0,A143,A152,1,A173,1,A191,A201,1,0,1
524,A12,18,A32,A43,1113,A61,A73,4,A103,4,A121,1,A143,A152,1,A172,2,A191,A201,1,0,1
525,A14,24,A30,A41,7966,A62,A72,3,A101,3,A124,1,A143,A152,2,A173,1,A191,A201,0,1,0
526,A11,24,A34,A46,1532,A65,A73,3,A101,3,A124,1,A143,A152,1,A173,1,A191,A201,0,0,1
527,A14,4,A34,A43,1503,A61,A74,2,A101,1,A121,1,A143,A152,2,A172,2,A191,A201,1,1,0
528,A11,36,A32,A43,2302,A61,A73,4,A101,4,A123,1,A143,A151,1,A173,1,A191,A201,0,1,1
529,A12,36,A30,A40,662,A61,A72,3,A101,4,A124,1,A143,A152,1,A174,2,A192,A201,0,1,0
530,A11,24,A32,A46,2273,A61,A74,2,A101,1,A122,1,A143,A152,2,A174,2,A191,A201,0,1,0
531,A12,15,A32,A40,2631,A62,A73,2,A101,4,A123,1,A143,A151,2,A173,1,A192,A201,0,0,1
532,A14,24,A34,A41,1503,A65,A73,4,A101,4,A121,1,A141,A151,1,A174,1,A191,A201,0,1,1
533,A12,36,A32,A43,1311,A61,A74,3,A101,3,A124,1,A143,A152,1,A173,1,A192,A201,0,1,1
534,A14,24,A32,A43,3105,A65,A72,4,A101,2,A123,0,A143,A152,2,A173,1,A191,A201,1,1,0
535,A13,21,A34,A46,2319,A61,A72,2,A101,1,A123,1,A143,A151,1,A173,1,A191,A201,0,1,1
536,A11,30,A34,A40,1374,A65,A71,3,A101,3,A123,1,A141,A152,1,A173,1,A192,A201,0,0,1
537,A12,24,A34,A42,3612,A61,A75,4,A101,4,A123,1,A141,A152,1,A174,1,A192,A201,0,0,1
538,A11,48,A32,A40,7763,A61,A75,4,A101,4,A124,1,A141,A153,1,A174,1,A191,A201,0,1,0
539,A13,18,A32,A42,3049,A61,A72,1,A101,1,A122,1,A142,A152,1,A172,1,A191,A201,1,0,1
540,A12,12,A32,A43,1534,A61,A72,1,A101,1,A121,0,A143,A151,1,A173,1,A191,A201,0,1,1
541,A14,18,A32,A40,2032,A61,A75,3,A101,4,A121,1,A143,A153,2,A173,1,A192,A201,0,1,0
542,A11,30,A32,A42,6350,A65,A75,4,A101,4,A122,1,A143,A152,1,A173,1,A191,A201,0,1,0
543,A13,18,A32,A42,2864,A61,A73,2,A101,1,A121,1,A143,A152,1,A172,2,A191,A201,0,1,0
544,A14,12,A34,A40,1255,A61,A75,4,A101,4,A121,1,A143,A152,2,A172,1,A191,A201,1,1,0
545,A11,24,A33,A40,1333,A61,A71,4,A101,2,A121,1,A143,A153,2,A173,2,A191,A201,0,1,0
546,A14,60,A32,A40,2022,A62,A73,4,A101,4,A122,1,A143,A152,1,A172,1,A192,A201,0,0,1
547,A14,12,A34,A43,1552,A61,A74,4,A101,1,A123,1,A143,A152,1,A173,2,A191,A201,0,1,0
548,A11,12,A31,A43,626,A61,A73,4,A101,4,A121,0,A141,A152,1,A172,1,A191,A201,0,0,1
549,A14,48,A34,A41,8858,A65,A74,2,A101,1,A124,1,A143,A153,2,A173,1,A192,A201,1,1,0
550,A14,12,A34,A45,996,A65,A74,4,A101,4,A121,0,A143,A152,2,A173,1,A191,A201,1,0,1
551,A14,6,A31,A43,1750,A63,A75,2,A101,4,A122,1,A141,A152,1,A172,2,A191,A201,1,1,0
552,A11,48,A32,A43,6999,A61,A74,1,A103,1,A121,1,A143,A152,2,A173,1,A192,A201,0,1,1
553,A12,12,A34,A40,1995,A62,A72,4,A101,1,A123,1,A143,A152,1,A173,1,A191,A201,1,1,0
554,A12,9,A32,A46,1199,A61,A74,4,A101,4,A122,1,A143,A152,2,A174,1,A192,A201,1,0,1
555,A12,12,A32,A43,1331,A61,A72,2,A101,1,A123,0,A142,A152,1,A173,1,A191,A201,0,1,0
556,A12,18,A30,A40,2278,A62,A72,3,A101,3,A123,1,A143,A152,2,A173,1,A191,A201,0,0,1
557,A14,21,A30,A40,5003,A65,A73,1,A101,4,A122,1,A141,A152,2,A173,1,A192,A201,0,0,1
558,A11,24,A31,A42,3552,A61,A74,3,A101,4,A123,1,A141,A152,1,A173,1,A191,A201,0,1,0
559,A12,18,A34,A42,1928,A61,A72,2,A101,2,A121,1,A143,A152,2,A172,1,A191,A201,0,1,0
560,A11,24,A32,A41,2964,A65,A75,4,A101,4,A124,1,A141,A153,1,A173,2,A192,A201,1,1,0
561,A11,24,A31,A43,1546,A61,A74,4,A103,4,A123,0,A141,A151,1,A172,1,A191,A201,0,1,0
562,A13,6,A33,A43,683,A61,A72,2,A101,1,A122,1,A141,A152,1,A173,1,A191,A201,1,0,1
563,A12,36,A32,A40,12389,A65,A73,1,A101,4,A124,1,A143,A153,1,A173,1,A192,A201,0,1,0
564,A12,12,A30,A49,4712,A62,A73,4,A101,2,A121,1,A143,A152,2,A173,1,A192,A201,0,1,0
565,A12,24,A33,A43,1553,A62,A74,3,A101,2,A122,0,A143,A151,2,A173,1,A192,A201,1,0,1
566,A11,12,A32,A40,1372,A61,A74,2,A101,3,A123,1,A143,A152,1,A173,1,A191,A201,0,1,1
567,A11,48,A32,A43,2578,A62,A75,3,A101,2,A124,1,A143,A152,1,A173,1,A191,A201,0,1,0
568,A11,60,A34,A43,3979,A61,A74,3,A101,1,A121,1,A143,A152,2,A173,2,A192,A201,0,1,0
569,A11,48,A32,A43,6758,A61,A73,3,A101,2,A123,1,A143,A152,1,A173,1,A192,A201,0,0,1
570,A11,24,A32,A42,3234,A61,A72,4,A101,4,A121,0,A143,A151,1,A172,1,A192,A201,0,0,1
571,A14,24,A32,A43,5954,A65,A74,2,A102,2,A123,1,A143,A152,1,A173,1,A191,A201,0,1,0
572,A14,24,A32,A41,5433,A65,A71,2,A101,4,A122,1,A143,A151,1,A174,1,A192,A201,1,0,1
573,A11,15,A32,A49,806,A61,A73,4,A101,4,A122,0,A143,A152,1,A172,1,A191,A201,1,0,1
574,A12,9,A32,A43,1082,A61,A75,4,A101,4,A123,1,A143,A152,2,A172,1,A191,A201,1,1,0
575,A14,15,A34,A42,2788,A61,A74,2,A102,3,A123,0,A141,A152,2,A173,1,A191,A201,1,0,1
576,A12,12,A32,A43,2930,A61,A74,2,A101,1,A121,1,A143,A152,1,A173,1,A191,A201,1,0,1
577,A14,24,A34,A46,1927,A65,A73,3,A101,2,A123,1,A143,A152,2,A173,1,A192,A201,1,0,1
578,A12,36,A34,A40,2820,A61,A72,4,A101,4,A123,1,A143,A152,2,A173,1,A191,A201,0,1,1
579,A11,6,A34,A48,937,A65,A72,2,A101,3,A121,1,A143,A152,2,A172,1,A191,A201,0,1,1
580,A12,18,A34,A40,1056,A61,A75,3,A103,3,A121,1,A141,A152,2,A173,1,A191,A201,0,1,0
581,A12,12,A34,A40,3124,A61,A72,1,A101,3,A121,1,A141,A152,2,A172,2,A191,A201,1,1,0
582,A14,16,A32,A42,1388,A61,A73,4,A101,2,A122,1,A143,A151,1,A172,1,A191,A201,0,0,1
583,A12,36,A32,A45,2384,A61,A72,4,A101,1,A124,1,A143,A151,1,A172,1,A191,A201,0,1,0
584,A14,12,A32,A40,2133,A65,A75,4,A101,4,A124,1,A143,A153,1,A174,1,A192,A201,1,0,1
585,A11,18,A32,A42,2039,A61,A73,1,A101,4,A121,0,A141,A151,1,A173,1,A191,A201,0,0,1
586,A11,9,A34,A40,2799,A61,A73,2,A101,2,A121,1,A143,A151,2,A173,2,A191,A201,1,1,0
587,A11,12,A32,A42,1289,A61,A73,4,A103,1,A122,0,A143,A152,1,A172,1,A191,A201,1,1,0
588,A11,18,A32,A44,1217,A61,A73,4,A101,3,A121,1,A143,A152,1,A172,1,A192,A201,0,1,1
589,A11,12,A34,A42,2246,A61,A75,3,A101,3,A122,1,A143,A152,2,A173,1,A191,A201,0,1,0
590,A11,12,A34,A43,385,A61,A74,4,A101,3,A121,1,A143,A152,4,A172,1,A192,A201,1,0,1
591,A14,18,A32,A40,1965,A65,A73,3,A101,4,A122,1,A143,A151,2,A173,1,A192,A201,0,0,1
592,A14,21,A32,A49,1572,A64,A75,4,A101,4,A121,1,A141,A152,1,A172,1,A191,A201,1,0,1
593,A12,24,A32,A40,2718,A61,A73,3,A101,4,A122,0,A143,A151,1,A172,1,A192,A201,0,0,1
594,A11,24,A31,A410,1358,A65,A75,4,A101,3,A123,1,A142,A152,1,A174,1,A192,A201,0,1,0
595,A12,6,A31,A40,931,A62,A72,1,A101,1,A122,1,A142,A152,1,A172,1,A191,A201,0,0,1
596,A11,24,A32,A40,1442,A61,A74,4,A101,4,A123,0,A143,A151,2,A173,1,A191,A201,0,0,1
597,A12,24,A30,A49,4241,A61,A73,1,A101,4,A121,1,A143,A152,3,A172,1,A192,A201,0,1,0
598,A14,18,A34,A40,2775,A61,A74,2,A101,2,A122,1,A141,A152,2,A173,1,A191,A201,0,1,0
599,A14,24,A34,A49,3863,A61,A73,2,A101,2,A123,1,A141,A153,1,A173,1,A191,A201,0,1,0
600,A12,7,A32,A43,2329,A61,A72,1,A103,1,A121,1,A143,A152,1,A173,1,A191,A201,1,0,1
601,A12,9,A32,A42,918,A61,A73,4,A101,1,A122,1,A143,A152,1,A173,1,A191,A201,0,0,1
602,A12,24,A31,A46,1837,A61,A74,4,A101,4,A124,1,A141,A153,1,A172,1,A191,A201,0,0,1
603,A14,36,A32,A42,3349,A61,A73,4,A101,2,A123,1,A143,A152,1,A174,1,A192,A201,0,0,1
604,A13,10,A32,A42,1275,A61,A72,4,A101,2,A122,0,A143,A152,1,A173,1,A191,A201,1,0,1
605,A11,24,A31,A42,2828,A63,A73,4,A101,4,A121,0,A142,A152,1,A173,1,A192,A201,1,1,0
606,A12,24,A31,A49,4526,A61,A73,2,A101,2,A121,1,A143,A152,1,A174,1,A192,A201,0,1,0
607,A12,36,A32,A43,2671,A62,A73,4,A102,4,A124,1,A143,A153,1,A173,1,A191,A201,0,0,1
608,A11,18,A31,A43,2051,A61,A72,2,A101,1,A124,1,A143,A152,1,A172,1,A191,A201,0,1,0
609,A12,12,A32,A41,1300,A61,A75,2,A101,4,A122,1,A143,A153,1,A173,2,A191,A201,0,1,0
610,A11,12,A32,A44,741,A62,A71,4,A101,3,A122,0,A143,A152,1,A173,1,A191,A201,0,0,1
611,A13,10,A32,A40,1240,A62,A75,1,A101,4,A124,1,A143,A153,1,A172,2,A191,A201,0,0,1
612,A11,21,A32,A43,3357,A64,A72,4,A101,2,A123,1,A141,A152,1,A173,1,A191,A201,1,0,1
613,A11,24,A31,A41,3632,A61,A73,1,A103,4,A123,0,A141,A151,1,A173,1,A191,A202,1,0,1
614,A14,18,A33,A42,1808,A61,A74,4,A101,1,A121,0,A143,A152,1,A173,1,A191,A201,0,0,1
615,A12,36,A32,A49,12204,A62,A73,4,A101,2,A123,1,A141,A152,1,A174,1,A192,A201,0,1,0
616,A12,18,A33,A43,9157,A65,A73,2,A101,2,A123,1,A143,A153,1,A173,1,A191,A201,0,1,0
617,A11,6,A34,A40,3676,A61,A73,1,A101,3,A121,1,A143,A151,3,A173,2,A191,A201,1,1,0
618,A12,30,A32,A42,3441,A62,A73,2,A102,4,A123,0,A143,A151,1,A173,1,A191,A201,0,0,1
619,A14,24,A32,A40,640,A61,A73,2,A101,2,A122,1,A143,A152,1,A172,1,A191,A201,0,1,1
620,A12,21,A34,A49,3652,A61,A74,2,A101,3,A122,1,A143,A152,2,A173,1,A191,A201,1,1,0
621,A14,18,A34,A40,1530,A61,A73,3,A101,2,A122,1,A141,A152,2,A173,1,A191,A201,0,1,0
622,A14,48,A32,A49,3914,A65,A73,4,A101,2,A121,1,A141,A152,1,A173,1,A191,A201,0,1,1
623,A11,12,A32,A42,1858,A61,A72,4,A101,1,A123,0,A143,A151,1,A173,1,A191,A201,1,0,1
624,A11,18,A32,A43,2600,A61,A73,4,A101,4,A124,1,A143,A153,2,A173,1,A191,A201,0,1,0
625,A14,24,A34,A43,1979,A61,A75,3,A101,2,A124,1,A141,A152,1,A173,1,A191,A201,0,1,0
626,A13,6,A32,A42,2116,A61,A73,2,A101,2,A121,1,A143,A152,1,A173,1,A192,A201,1,1,0
627,A12,9,A31,A40,1437,A62,A74,2,A101,3,A124,1,A143,A152,1,A173,1,A191,A201,0,1,0
628,A14,42,A34,A42,4042,A63,A73,4,A101,4,A121,1,A143,A152,2,A173,1,A192,A201,1,1,0
629,A14,9,A32,A46,3832,A65,A75,1,A101,4,A121,1,A143,A152,1,A172,1,A191,A201,1,1,0
630,A11,24,A34,A43,3660,A65,A73,3,A101,4,A121,1,A143,A152,1,A172,1,A191,A201,0,0,1
631,A11,18,A31,A42,1553,A61,A73,4,A101,3,A123,1,A141,A152,1,A173,1,A191,A201,0,1,0
632,A12,15,A32,A43,1444,A65,A72,4,A101,1,A122,0,A143,A152,1,A173,1,A191,A201,1,1,0
633,A14,9,A32,A42,1980,A61,A72,2,A102,2,A123,0,A143,A151,2,A173,1,A191,A201,0,0,1
634,A12,24,A32,A40,1355,A61,A72,3,A101,4,A123,0,A143,A152,1,A172,1,A192,A201,0,0,1
635,A12,36,A30,A46,1393,A61,A75,4,A101,4,A122,1,A143,A152,3,A174,2,A192,A201,0,1,0
636,A11,15,A32,A43,1376,A63,A74,2,A101,1,A123,1,A141,A152,1,A174,1,A191,A201,0,0,1
637,A14,60,A33,A43,15653,A61,A74,2,A101,4,A123,0,A143,A152,2,A173,1,A192,A201,1,1,0
638,A13,24,A34,A43,1493,A61,A72,2,A101,3,A123,1,A143,A152,1,A173,2,A191,A201,0,0,1
639,A11,42,A33,A43,4370,A61,A74,3,A101,2,A122,1,A141,A152,2,A173,2,A192,A201,0,1,0
640,A11,18,A32,A46,750,A61,A71,4,A101,1,A121,1,A143,A152,1,A171,1,A191,A201,0,0,1
641,A11,20,A34,A45,1308,A63,A75,4,A101,4,A123,1,A143,A152,2,A173,1,A191,A201,0,1,0
642,A14,15,A32,A46,4623,A62,A73,3,A101,2,A122,1,A143,A152,1,A174,1,A192,A201,0,1,0
643,A14,24,A34,A43,1851,A61,A74,4,A103,2,A123,1,A141,A152,2,A173,1,A192,A201,0,1,1
644,A14,18,A31,A43,1880,A64,A74,3,A101,1,A121,1,A141,A152,2,A172,1,A192,A201,0,1,1
645,A14,36,A33,A49,7980,A65,A72,4,A101,4,A123,1,A143,A151,2,A173,1,A192,A201,0,1,0
646,A11,30,A30,A42,4583,A61,A73,2,A103,2,A121,1,A143,A152,2,A173,1,A191,A201,1,1,1
647,A14,12,A32,A40,1386,A63,A73,2,A101,2,A122,1,A143,A152,1,A173,1,A191,A201,0,0,1
648,A13,24,A32,A40,947,A61,A74,4,A101,3,A124,1,A141,A153,1,A173,2,A191,A201,0,1,0
649,A11,12,A32,A46,684,A61,A73,4,A101,4,A123,1,A143,A151,1,A172,2,A191,A201,0,1,0
650,A14,12,A33,A46,7476,A61,A74,4,A101,1,A122,1,A143,A153,1,A173,1,A192,A201,0,1,0
651,A12,12,A32,A42,1922,A61,A73,4,A101,2,A122,1,A143,A152,1,A172,1,A191,A201,0,1,0
652,A11,24,A32,A40,2303,A61,A75,4,A102,1,A121,1,A143,A152,1,A173,1,A191,A201,0,1,0
653,A12,36,A33,A40,8086,A62,A75,2,A101,4,A123,1,A143,A152,4,A174,1,A192,A201,0,1,0
654,A14,36,A32,A41,2346,A61,A74,3,A101,3,A121,1,A143,A152,2,A174,1,A192,A201,0,1,0
655,A11,14,A32,A40,3973,A61,A71,1,A101,4,A124,0,A143,A153,1,A173,1,A191,A201,1,1,0
656,A12,12,A32,A40,888,A61,A75,4,A101,4,A123,1,A141,A152,1,A172,2,A191,A201,0,1,0
657,A11,24,A34,A43,10222,A61,A74,4,A101,3,A123,1,A143,A152,1,A174,1,A192,A201,0,1,0
658,A12,15,A32,A49,4221,A61,A73,4,A101,1,A123,1,A143,A152,2,A173,1,A191,A201,0,0,1
659,A12,48,A30,A42,6361,A61,A75,4,A101,1,A121,1,A143,A152,1,A173,1,A192,A201,0,1,0
660,A13,12,A32,A43,1297,A61,A73,3,A101,4,A121,0,A143,A151,1,A173,1,A191,A201,1,1,1
661,A11,12,A32,A40,900,A65,A73,4,A101,2,A123,0,A143,A152,1,A173,1,A191,A201,0,1,1
662,A14,21,A32,A42,2241,A61,A75,4,A101,2,A121,1,A143,A152,2,A173,1,A191,A201,1,1,0
663,A12,6,A33,A42,1050,A61,A71,4,A101,1,A122,1,A142,A152,2,A174,1,A192,A201,1,1,0
664,A12,36,A32,A46,1047,A61,A73,4,A101,4,A123,1,A141,A152,1,A174,1,A191,A201,0,0,1
665,A11,15,A32,A410,6314,A65,A71,3,A102,2,A124,1,A143,A152,2,A173,1,A192,A201,0,1,0
666,A14,42,A34,A42,3496,A65,A73,4,A101,2,A124,1,A143,A152,1,A173,2,A192,A201,0,1,0
667,A14,48,A31,A49,3609,A61,A73,1,A101,1,A121,1,A142,A152,1,A173,1,A191,A201,1,0,1
668,A11,12,A34,A40,4843,A61,A75,3,A102,4,A122,1,A143,A151,2,A173,1,A192,A201,0,1,0
669,A13,30,A34,A43,3017,A61,A75,4,A101,4,A122,1,A143,A152,1,A173,1,A191,A201,1,1,0
670,A14,24,A34,A49,4139,A62,A73,3,A101,3,A122,1,A143,A152,2,A172,1,A192,A201,1,1,0
671,A13,24,A34,A49,5742,A65,A74,4,A101,2,A121,1,A143,A152,2,A173,1,A192,A201,0,1,0
672,A14,60,A32,A40,10366,A61,A75,2,A101,4,A122,1,A143,A152,1,A174,1,A192,A201,1,1,0
673,A14,6,A34,A40,2080,A63,A73,1,A101,2,A123,0,A143,A152,1,A173,1,A191,A201,1,1,1
674,A14,21,A33,A49,2580,A63,A72,4,A101,2,A121,1,A141,A152,1,A172,2,A191,A201,0,1,0
675,A14,30,A34,A43,4530,A61,A74,4,A101,4,A123,1,A143,A151,1,A174,1,A192,A201,1,0,1
676,A14,12,A34,A42,5150,A65,A75,1,A101,4,A123,1,A143,A152,1,A173,1,A192,A201,0,1,0
677,A12,72,A32,A43,5595,A62,A73,2,A101,2,A123,0,A143,A152,1,A173,1,A191,A201,0,1,1
678,A13,48,A32,A43,2384,A61,A75,4,A101,4,A121,1,A143,A151,1,A174,1,A191,A201,0,1,0
679,A12,24,A31,A43,1453,A61,A72,2,A101,1,A122,1,A143,A152,1,A173,1,A191,A201,0,0,1
680,A12,18,A31,A46,1538,A61,A72,4,A101,2,A121,1,A143,A152,1,A174,1,A191,A201,0,0,1
681,A14,12,A33,A43,2279,A62,A73,1,A101,4,A121,1,A143,A153,1,A173,1,A192,A201,0,1,0
682,A14,21,A32,A43,1478,A65,A73,4,A101,3,A122,1,A143,A152,2,A173,1,A191,A201,0,1,1
683,A14,48,A33,A43,5103,A61,A72,3,A101,3,A121,1,A143,A153,3,A173,1,A192,A201,0,1,1
684,A12,36,A33,A49,9857,A62,A74,1,A101,3,A122,1,A143,A152,2,A172,2,A192,A201,1,1,0
685,A11,12,A32,A40,6527,A61,A73,2,A101,4,A121,1,A143,A153,1,A172,2,A192,A201,0,1,0
686,A13,10,A34,A43,1347,A65,A74,4,A101,2,A122,1,A143,A152,2,A173,1,A192,A201,1,1,0
687,A14,15,A34,A40,2862,A61,A75,1,A101,3,A123,1,A143,A153,1,A173,1,A191,A201,0,1,0
688,A14,9,A32,A43,2753,A62,A75,3,A102,4,A123,1,A143,A152,1,A173,1,A192,A201,1,1,0
689,A11,12,A32,A40,3651,A64,A73,1,A101,3,A122,1,A143,A152,1,A173,2,A191,A201,1,1,0
690,A11,15,A34,A42,975,A61,A73,2,A101,3,A122,0,A143,A152,2,A173,1,A191,A201,1,1,1
691,A12,15,A32,A45,2631,A62,A73,3,A101,2,A121,0,A143,A152,1,A172,1,A191,A201,1,0,1
692,A12,24,A32,A43,2896,A62,A72,2,A101,1,A123,1,A143,A152,1,A173,1,A191,A201,1,1,0
693,A13,24,A32,A40,4716,A63,A72,3,A101,3,A123,1,A143,A152,2,A173,2,A191,A201,0,1,0
694,A11,24,A32,A43,2284,A61,A74,3,A101,2,A124,1,A143,A152,1,A173,1,A192,A201,0,1,0
695,A14,21,A32,A41,1236,A61,A73,3,A101,4,A123,1,A143,A151,1,A173,1,A191,A201,0,1,0
696,A11,21,A32,A43,1103,A61,A74,4,A103,3,A124,1,A143,A152,2,A172,1,A191,A202,0,1,0
697,A14,12,A34,A40,926,A61,A71,1,A101,2,A122,1,A143,A152,1,A171,1,A191,A201,1,0,1
698,A14,18,A34,A43,1800,A61,A73,4,A101,2,A123,0,A143,A152,2,A173,1,A191,A201,1,1,0
699,A13,15,A32,A46,1905,A61,A75,4,A101,4,A123,1,A143,A151,1,A174,1,A192,A201,1,1,0
700,A14,12,A32,A42,1123,A63,A73,4,A101,4,A123,1,A143,A151,1,A172,1,A191,A201,0,0,1
701,A11,48,A34,A41,6331,A61,A75,4,A101,4,A124,1,A143,A153,2,A173,1,A192,A201,0,1,0
702,A13,24,A32,A43,1377,A62,A75,4,A101,2,A124,1,A143,A153,1,A173,1,A192,A201,1,0,1
703,A12,30,A33,A49,2503,A62,A75,4,A101,2,A122,1,A142,A152,2,A173,1,A191,A201,1,1,0
704,A14,12,A32,A49,2528,A61,A72,4,A101,1,A123,1,A143,A152,1,A173,2,A192,A201,0,0,1
705,A14,15,A32,A40,5324,A63,A75,1,A101,4,A124,1,A143,A153,1,A173,1,A191,A201,1,0,1
706,A12,48,A32,A40,6560,A62,A74,3,A101,2,A122,0,A143,A152,1,A173,1,A191,A201,0,1,0
707,A12,12,A30,A42,2969,A61,A72,4,A101,3,A122,0,A143,A151,2,A173,1,A191,A201,0,0,1
708,A12,9,A32,A43,1206,A61,A75,4,A101,4,A121,0,A143,A152,1,A173,1,A191,A201,1,0,1
709,A12,9,A32,A43,2118,A61,A73,2,A101,2,A121,1,A143,A152,1,A172,2,A191,A201,1,1,0
710,A14,18,A34,A43,629,A63,A75,4,A101,3,A122,1,A141,A152,2,A174,1,A192,A201,1,1,0
711,A11,6,A31,A46,1198,A61,A75,4,A101,4,A124,1,A143,A153,1,A173,1,A191,A201,0,0,1
712,A14,54,A34,A41,2476,A61,A75,2,A101,4,A123,1,A143,A152,1,A173,1,A192,A201,0,1,0
713,A11,9,A34,A43,1138,A61,A73,4,A101,4,A121,0,A143,A152,2,A172,1,A191,A201,1,1,0
714,A12,60,A32,A40,14027,A61,A74,4,A101,2,A124,1,A143,A152,1,A174,1,A192,A201,0,1,0
715,A14,30,A34,A41,7596,A65,A75,1,A101,4,A123,1,A143,A152,2,A173,1,A191,A201,1,1,0
716,A14,30,A34,A43,3077,A65,A75,3,A101,2,A123,1,A143,A152,2,A173,2,A192,A201,1,1,0
717,A14,10,A34,A43,1505,A61,A73,1,A101,2,A123,1,A143,A153,1,A173,1,A192,A201,0,1,0
718,A13,24,A34,A43,3148,A65,A73,3,A101,2,A123,1,A143,A152,2,A173,1,A192,A201,1,1,0
719,A14,48,A32,A41,6148,A61,A75,4,A101,4,A123,1,A143,A152,2,A173,1,A192,A201,0,1,1
720,A13,9,A30,A43,1337,A61,A72,4,A101,2,A123,1,A143,A152,2,A174,1,A192,A201,0,1,0
721,A12,6,A31,A46,433,A64,A72,4,A101,2,A122,0,A141,A151,1,A173,2,A191,A201,0,0,1
722,A11,12,A32,A40,1228,A61,A73,4,A101,2,A121,0,A143,A152,1,A172,1,A191,A201,0,0,1
723,A12,9,A32,A43,790,A63,A73,4,A101,3,A121,1,A143,A152,1,A172,1,A191,A201,1,0,1
724,A14,27,A32,A40,2570,A61,A73,3,A101,3,A121,0,A143,A151,1,A173,1,A191,A201,0,0,1
725,A14,6,A34,A40,250,A64,A73,2,A101,2,A121,1,A141,A152,2,A172,1,A191,A201,1,0,1
726,A14,15,A34,A43,1316,A63,A73,2,A101,2,A122,1,A143,A152,2,A172,1,A191,A201,1,1,1
727,A11,18,A32,A43,1882,A61,A73,4,A101,4,A123,0,A141,A151,2,A173,1,A191,A201,0,0,1
728,A12,48,A31,A49,6416,A61,A75,4,A101,3,A124,1,A143,A151,1,A173,1,A191,A201,0,0,1
729,A13,24,A34,A49,1275,A64,A73,2,A101,4,A121,1,A143,A152,2,A173,1,A192,A201,1,1,1
730,A11,30,A34,A43,6403,A61,A72,2,A101,2,A122,1,A141,A152,1,A174,1,A191,A201,0,1,0
731,A11,24,A32,A43,1987,A61,A73,2,A101,4,A121,0,A143,A151,1,A172,2,A191,A201,0,1,0
732,A12,8,A32,A43,760,A61,A74,4,A103,2,A121,1,A143,A152,1,A172,1,A191,A201,1,0,1
733,A14,24,A32,A41,2603,A64,A73,2,A101,4,A123,1,A143,A151,1,A173,1,A192,A201,1,0,1
734,A12,33,A30,A40,3380,A61,A74,4,A101,1,A124,1,A143,A152,1,A173,2,A191,A201,0,0,1
735,A12,36,A31,A44,3990,A65,A72,3,A101,2,A124,1,A141,A152,1,A171,1,A191,A201,1,0,1
736,A12,24,A32,A41,11560,A61,A73,1,A101,4,A123,0,A143,A151,2,A174,1,A191,A201,0,0,1
737,A11,18,A32,A40,4380,A62,A73,3,A101,4,A123,1,A143,A152,1,A172,2,A192,A201,1,1,0
738,A14,6,A34,A40,6761,A61,A74,1,A101,3,A124,1,A143,A152,2,A174,2,A192,A201,1,1,0
739,A12,30,A30,A49,4280,A62,A73,4,A101,4,A123,1,A143,A151,2,A172,1,A191,A201,0,0,1
740,A12,24,A32,A40,2325,A61,A74,4,A101,3,A124,1,A143,A152,1,A173,1,A191,A201,0,1,0
741,A12,10,A31,A43,1048,A61,A73,4,A101,4,A121,0,A142,A152,1,A172,1,A191,A201,1,1,0
742,A14,21,A32,A43,3160,A65,A75,4,A101,3,A122,1,A143,A152,1,A173,1,A192,A201,1,1,0
743,A11,24,A31,A42,2483,A63,A73,4,A101,4,A121,0,A142,A152,1,A173,1,A192,A201,1,1,0
744,A11,39,A34,A42,14179,A65,A74,4,A101,4,A122,1,A143,A152,2,A174,1,A192,A201,1,1,0
745,A11,13,A34,A49,1797,A61,A72,3,A101,1,A122,1,A141,A152,2,A172,1,A191,A201,1,1,0
746,A11,15,A32,A40,2511,A61,A71,1,A101,4,A123,0,A143,A151,1,A173,1,A191,A201,1,0,1
747,A11,12,A32,A40,1274,A61,A72,3,A101,1,A121,1,A143,A152,1,A172,1,A191,A201,0,0,1
748,A14,21,A32,A41,5248,A65,A73,1,A101,3,A123,1,A143,A152,1,A173,1,A191,A201,1,1,0
749,A14,15,A32,A41,3029,A61,A74,2,A101,2,A123,1,A143,A152,1,A173,1,A191,A201,1,1,0
750,A11,6,A32,A42,428,A61,A75,2,A101,1,A122,1,A141,A152,1,A173,1,A192,A201,1,0,1
751,A11,18,A32,A40,976,A61,A72,1,A101,2,A123,0,A143,A152,1,A172,1,A191,A201,0,0,1
752,A12,12,A32,A49,841,A62,A74,2,A101,4,A121,0,A143,A151,1,A172,1,A191,A201,1,0,1
753,A14,30,A34,A43,5771,A61,A74,4,A101,2,A123,0,A143,A152,2,A173,1,A191,A201,1,0,1
754,A14,12,A33,A45,1555,A64,A75,4,A101,4,A124,1,A143,A153,2,A173,2,A191,A201,0,1,0
755,A11,24,A32,A40,1285,A65,A74,4,A101,4,A124,1,A143,A151,1,A173,1,A191,A201,0,0,1
756,A13,6,A30,A40,1299,A61,A73,4,A101,1,A121,1,A143,A152,3,A172,2,A191,A202,0,1,0
757,A13,15,A34,A43,1271,A65,A73,3,A101,4,A124,1,A143,A153,2,A173,1,A192,A201,0,1,0
758,A14,12,A30,A40,1393,A61,A73,1,A103,2,A122,1,A143,A152,1,A173,1,A192,A201,0,1,0
759,A11,12,A34,A40,691,A61,A75,4,A101,3,A122,1,A143,A152,2,A173,1,A191,A201,0,1,0
760,A12,24,A32,A40,5045,A61,A75,3,A101,4,A123,1,A143,A152,1,A173,1,A192,A201,0,0,1
761,A11,18,A34,A42,2124,A61,A73,4,A101,4,A121,0,A143,A151,2,A173,1,A191,A201,0,0,1
762,A11,12,A32,A43,2214,A61,A73,4,A101,3,A122,0,A143,A152,1,A172,1,A191,A201,1,1,0
763,A14,21,A34,A40,12680,A65,A75,4,A101,4,A124,1,A143,A153,1,A174,1,A192,A201,0,1,0
764,A14,12,A32,A40,2463,A62,A74,2,A101,3,A121,1,A143,A152,2,A172,1,A192,A201,0,1,1
765,A12,30,A34,A43,1155,A61,A75,3,A103,3,A122,1,A141,A152,2,A174,1,A191,A201,0,1,1
766,A11,30,A32,A42,3108,A61,A72,2,A101,4,A122,1,A143,A152,1,A172,1,A191,A201,0,1,1
767,A14,10,A32,A41,2901,A65,A72,1,A101,4,A121,1,A143,A151,1,A173,1,A191,A201,1,0,1
768,A12,12,A34,A42,3617,A61,A75,1,A101,4,A123,1,A143,A151,3,A173,1,A192,A201,1,1,0
769,A14,12,A34,A43,1655,A61,A75,2,A101,4,A121,1,A143,A152,2,A172,1,A192,A201,1,1,0
770,A11,24,A32,A41,2812,A65,A75,2,A101,4,A121,1,A143,A151,1,A173,1,A191,A201,1,0,1
771,A11,36,A34,A46,8065,A61,A73,3,A101,2,A124,0,A143,A152,2,A174,1,A192,A201,0,0,1
772,A14,21,A34,A41,3275,A61,A75,1,A101,4,A123,1,A143,A152,1,A174,1,A192,A201,1,1,0
773,A14,24,A34,A43,2223,A62,A75,4,A101,4,A122,1,A141,A152,2,A173,1,A191,A201,1,1,0
774,A13,12,A34,A40,1480,A63,A71,2,A101,4,A124,1,A141,A153,3,A171,1,A191,A201,1,1,0
775,A11,24,A32,A40,1371,A65,A73,4,A101,4,A121,0,A143,A151,1,A173,1,A191,A201,0,0,1
776,A12,21,A32,A40,3535,A61,A74,3,A101,4,A122,1,A143,A152,2,A172,1,A192,A201,0,1,0
777,A11,18,A32,A43,3509,A61,A74,4,A103,1,A121,0,A143,A152,1,A173,1,A191,A201,1,0,1
778,A14,36,A34,A41,5711,A64,A75,4,A101,2,A123,1,A143,A152,2,A174,1,A192,A201,1,1,0
779,A12,18,A32,A45,3872,A61,A71,2,A101,4,A123,1,A143,A152,1,A173,1,A192,A201,1,0,1
780,A12,39,A34,A43,4933,A61,A74,2,A103,2,A121,0,A143,A152,2,A173,1,A191,A201,0,1,0
781,A14,24,A34,A40,1940,A64,A75,4,A101,4,A121,1,A143,A152,1,A173,1,A192,A201,1,1,0
782,A12,12,A30,A48,1410,A61,A73,2,A101,2,A121,1,A143,A152,1,A172,1,A192,A201,1,1,0
783,A12,12,A32,A40,836,A62,A72,4,A101,2,A122,0,A141,A152,1,A172,1,A191,A201,0,0,1
784,A13,36,A30,A41,6468,A61,A71,1,A101,4,A122,1,A143,A152,1,A173,1,A192,A201,0,1,1
785,A14,24,A32,A49,1941,A65,A73,3,A101,2,A121,1,A143,A152,1,A174,1,A192,A201,0,1,0
786,A14,22,A32,A43,2675,A63,A75,3,A101,4,A123,1,A143,A152,1,A173,1,A191,A201,1,1,0
787,A14,12,A33,A41,2751,A65,A75,2,A101,3,A123,1,A143,A152,2,A172,2,A192,A201,0,1,0
788,A12,48,A33,A46,6224,A61,A75,4,A101,4,A124,1,A143,A153,1,A173,1,A191,A201,0,1,0
789,A11,40,A34,A46,5998,A61,A73,4,A101,3,A124,1,A141,A152,1,A173,1,A192,A201,0,1,0
790,A12,21,A32,A49,1188,A61,A75,2,A101,4,A122,1,A143,A152,1,A173,2,A191,A201,0,0,1
791,A11,24,A30,A41,6313,A61,A75,2,A101,4,A124,1,A143,A152,1,A173,2,A192,A201,0,1,0
792,A11,48,A32,A42,1221,A61,A73,3,A101,2,A124,1,A143,A152,2,A173,1,A191,A201,0,1,1
793,A11,13,A32,A42,2892,A61,A75,4,A101,4,A124,1,A142,A153,1,A172,1,A191,A201,0,1,1
794,A14,24,A34,A42,3062,A62,A75,2,A101,3,A123,1,A143,A151,1,A173,1,A192,A201,0,1,0
795,A14,9,A32,A42,2301,A62,A72,2,A101,4,A122,0,A143,A151,1,A173,1,A191,A201,1,0,1
796,A11,18,A32,A41,7511,A65,A75,1,A101,4,A122,1,A143,A153,1,A173,2,A192,A201,0,1,0
797,A14,12,A34,A42,1258,A61,A72,2,A101,4,A122,0,A143,A151,2,A172,1,A191,A201,1,0,1
798,A14,45,A34,A40,717,A61,A75,4,A101,4,A123,1,A143,A152,2,A173,1,A192,A201,0,1,1
799,A12,9,A32,A40,1549,A65,A72,4,A101,2,A121,1,A143,A152,1,A171,1,A191,A201,1,1,0
800,A14,24,A34,A46,1597,A61,A75,4,A101,4,A124,1,A143,A153,2,A173,2,A191,A201,1,1,0
801,A12,18,A34,A43,1795,A61,A75,3,A103,4,A121,1,A141,A151,2,A172,1,A192,A201,1,0,1
802,A11,20,A34,A42,4272,A61,A75,1,A101,4,A122,0,A143,A152,2,A173,1,A191,A201,1,0,1
803,A14,12,A34,A43,976,A65,A75,4,A101,4,A123,1,A143,A152,2,A173,1,A191,A201,1,1,0
804,A12,12,A32,A40,7472,A65,A71,1,A101,2,A121,0,A143,A151,1,A171,1,A191,A201,1,0,1
805,A11,36,A32,A40,9271,A61,A74,2,A101,1,A123,0,A143,A152,1,A173,1,A192,A201,0,1,0
806,A12,6,A32,A43,590,A61,A72,3,A101,3,A121,1,A143,A152,1,A172,1,A191,A202,1,1,1
807,A14,12,A34,A43,930,A65,A75,4,A101,4,A121,1,A143,A152,4,A173,1,A191,A201,1,1,0
808,A12,42,A31,A41,9283,A61,A71,1,A101,2,A124,1,A141,A153,1,A174,1,A192,A201,1,1,0
809,A12,15,A30,A40,1778,A61,A72,2,A101,1,A121,1,A143,A151,2,A171,1,A191,A201,0,0,1
810,A12,24,A32,A49,907,A65,A72,4,A101,2,A122,1,A143,A152,1,A172,1,A192,A201,0,1,1
811,A12,6,A32,A43,484,A61,A74,3,A103,3,A121,1,A141,A152,1,A172,1,A191,A201,1,1,1
812,A11,36,A34,A41,9629,A61,A74,4,A101,4,A123,0,A143,A152,2,A173,1,A192,A201,0,1,0
813,A11,48,A32,A44,3051,A61,A73,3,A101,4,A123,1,A143,A152,1,A173,1,A191,A201,0,1,0
814,A11,48,A32,A40,3931,A61,A74,4,A101,4,A124,1,A143,A153,1,A173,2,A191,A201,0,1,0
815,A13,24,A32,A40,7432,A61,A73,3,A101,2,A123,1,A143,A151,1,A173,1,A191,A201,0,0,1
816,A12,21,A32,A44,1338,A65,A73,4,A101,4,A122,1,A143,A152,1,A173,1,A191,A201,0,1,1
817,A14,6,A34,A43,1554,A61,A74,1,A101,2,A123,0,A143,A151,2,A173,1,A192,A201,1,0,1
818,A11,36,A32,A410,15857,A61,A71,2,A102,3,A123,1,A143,A152,1,A174,1,A191,A201,1,1,1
819,A11,18,A32,A43,1345,A61,A73,4,A101,3,A121,1,A141,A152,1,A173,1,A191,A201,0,1,1
820,A11,24,A32,A40,1101,A61,A73,3,A101,2,A122,1,A143,A152,2,A174,1,A192,A201,0,1,1
821,A13,12,A32,A43,3016,A61,A73,3,A101,1,A123,0,A143,A152,1,A173,1,A191,A201,1,1,1
822,A11,36,A32,A42,2712,A61,A75,2,A101,2,A122,1,A141,A152,1,A173,2,A191,A201,0,1,0
823,A11,8,A34,A40,731,A61,A75,4,A101,4,A121,1,A143,A152,2,A172,1,A191,A201,1,1,0
824,A14,30,A32,A42,3780,A61,A72,4,A101,2,A121,1,A143,A152,2,A173,1,A192,A201,0,1,1
825,A11,24,A34,A40,1602,A65,A75,4,A101,3,A122,1,A143,A152,2,A174,1,A192,A201,0,1,1
826,A11,18,A34,A40,3966,A61,A75,1,A101,4,A121,1,A141,A151,3,A173,1,A192,A201,0,0,1
827,A14,18,A30,A49,4165,A61,A73,2,A101,2,A123,1,A142,A152,2,A173,2,A191,A201,0,1,0
828,A11,36,A32,A41,8335,A65,A75,3,A101,4,A124,1,A143,A153,1,A173,1,A191,A201,0,1,0
829,A12,48,A33,A49,6681,A65,A73,4,A101,4,A124,1,A143,A153,1,A173,2,A192,A201,1,1,0
830,A14,24,A33,A49,2375,A63,A73,4,A101,2,A123,1,A143,A152,2,A173,2,A192,A201,1,1,0
831,A11,18,A32,A40,1216,A61,A72,4,A101,3,A123,0,A143,A151,1,A173,1,A192,A201,0,0,1
832,A11,45,A30,A49,11816,A61,A75,2,A101,4,A123,1,A143,A151,2,A173,1,A191,A201,0,1,0
833,A11,24,A32,A43,5084,A61,A75,4,A101,4,A121,1,A143,A152,1,A174,1,A192,A201,0,0,1
834,A13,15,A32,A43,2327,A61,A72,2,A101,3,A121,0,A143,A152,1,A172,1,A191,A201,0,0,1
835,A11,12,A30,A40,1082,A61,A73,4,A101,4,A123,1,A141,A152,2,A173,1,A191,A201,0,1,0
836,A14,12,A32,A43,886,A65,A73,4,A101,2,A123,0,A143,A152,1,A173,1,A191,A201,1,0,1
837,A14,4,A32,A42,601,A61,A72,1,A101,3,A121,0,A143,A151,1,A172,2,A191,A201,1,0,1
838,A11,24,A34,A41,2957,A61,A75,4,A101,4,A122,1,A143,A152,2,A173,1,A192,A201,1,1,0
839,A14,36,A33,A43,2611,A63,A75,4,A102,3,A121,1,A143,A152,2,A171,1,A191,A201,0,1,1
840,A11,36,A32,A42,5179,A61,A74,4,A101,2,A122,1,A143,A152,1,A173,1,A191,A201,0,1,0
841,A14,21,A33,A41,2993,A61,A73,3,A101,2,A121,1,A142,A152,2,A172,1,A191,A201,1,1,0
842,A14,18,A32,A45,1943,A61,A72,4,A101,4,A121,0,A143,A152,1,A173,1,A191,A201,0,0,1
843,A14,24,A31,A49,1559,A61,A74,4,A101,4,A123,1,A141,A152,1,A173,1,A192,A201,1,1,0
844,A11,12,A34,A42,3422,A65,A75,2,A101,4,A123,1,A143,A152,3,A174,2,A192,A201,0,1,0
845,A12,24,A32,A42,3976,A61,A74,4,A101,3,A123,1,A141,A152,1,A172,1,A192,A201,0,1,0
846,A14,18,A32,A40,6761,A65,A73,2,A101,4,A123,1,A143,A151,2,A173,1,A191,A201,0,1,0
847,A14,24,A32,A40,1249,A61,A72,4,A101,2,A121,1,A143,A152,1,A173,1,A191,A201,1,1,1
848,A11,9,A32,A43,1364,A61,A74,3,A101,4,A121,1,A143,A152,1,A173,1,A191,A201,1,1,0
849,A11,12,A32,A43,709,A61,A75,4,A101,4,A121,1,A142,A152,1,A172,1,A191,A201,0,1,0
850,A11,20,A34,A40,2235,A61,A73,4,A103,2,A122,1,A141,A151,2,A173,1,A191,A202,0,1,1
851,A14,24,A34,A41,4042,A65,A74,3,A101,4,A122,1,A143,A152,2,A173,1,A192,A201,1,1,0
852,A11,36,A34,A43,1471,A65,A73,4,A101,4,A123,1,A143,A153,2,A173,1,A192,A201,0,1,0
853,A11,18,A31,A40,1442,A61,A74,4,A101,4,A124,1,A143,A153,2,A172,2,A191,A201,0,1,0
854,A14,36,A33,A40,10875,A63,A75,2,A101,2,A124,1,A143,A152,2,A173,2,A192,A201,0,1,0
855,A14,24,A32,A40,1474,A62,A72,4,A101,3,A121,1,A143,A152,1,A173,1,A192,A201,1,1,1
856,A14,10,A32,A48,894,A65,A74,4,A101,3,A122,1,A143,A152,1,A173,1,A192,A201,1,0,1
857,A11,24,A32,A42,3343,A61,A73,3,A101,2,A123,1,A143,A153,1,A173,1,A192,A201,0,1,0
858,A11,15,A32,A40,3959,A61,A73,3,A101,2,A122,1,A143,A152,1,A173,1,A192,A201,0,0,1
859,A14,9,A32,A40,3577,A62,A73,1,A103,2,A121,1,A143,A151,1,A173,2,A191,A202,1,1,0
860,A14,15,A30,A41,5804,A63,A73,2,A101,2,A124,1,A143,A152,2,A173,1,A191,A201,0,1,0
861,A14,18,A33,A49,2169,A61,A73,4,A101,2,A123,1,A143,A152,1,A173,1,A192,A201,0,1,1
862,A11,24,A32,A43,2439,A61,A72,4,A101,4,A121,1,A143,A152,1,A173,1,A192,A201,0,0,1
863,A14,27,A34,A42,4526,A64,A72,4,A101,2,A121,1,A142,A152,2,A172,2,A192,A201,1,1,0
864,A14,10,A32,A42,2210,A61,A73,2,A101,2,A121,0,A141,A151,1,A172,1,A191,A201,0,1,0
865,A14,15,A32,A42,2221,A63,A73,2,A101,4,A123,0,A143,A151,1,A173,1,A191,A201,1,0,1
866,A11,18,A32,A43,2389,A61,A72,4,A101,1,A123,1,A142,A152,1,A173,1,A191,A201,1,0,1
867,A11,15,A31,A42,3331,A61,A75,4,A101,4,A123,1,A143,A152,1,A173,1,A191,A201,0,1,0
868,A14,36,A32,A49,7409,A65,A75,3,A101,2,A122,1,A143,A152,2,A173,1,A191,A201,1,1,0
869,A11,12,A32,A42,652,A61,A75,4,A101,4,A122,0,A143,A151,1,A173,1,A191,A201,1,0,1
870,A14,24,A32,A42,7678,A61,A74,4,A101,4,A122,1,A142,A152,2,A173,1,A192,A201,0,0,1
871,A13,6,A34,A40,1343,A61,A75,1,A101,4,A121,1,A143,A152,2,A173,2,A191,A202,1,1,0
872,A11,24,A34,A49,1382,A62,A74,4,A101,1,A121,1,A143,A152,2,A173,1,A192,A201,1,1,0
873,A14,15,A32,A44,874,A65,A72,4,A101,1,A121,0,A143,A152,1,A173,1,A191,A201,1,0,1
874,A12,36,A33,A42,3590,A61,A73,2,A102,2,A124,1,A143,A152,1,A173,2,A191,A201,0,1,0
875,A12,4,A32,A40,1322,A61,A73,3,A101,4,A123,1,A141,A152,2,A174,1,A191,A201,0,0,1
876,A12,24,A32,A43,1940,A64,A72,2,A102,4,A123,1,A143,A153,1,A172,1,A192,A201,0,1,0
877,A14,36,A32,A43,3595,A61,A75,4,A101,2,A123,1,A143,A152,1,A173,1,A191,A201,1,1,0
878,A11,9,A32,A40,1422,A61,A72,3,A101,2,A124,1,A143,A153,1,A174,1,A192,A201,0,1,0
879,A14,30,A34,A43,6742,A65,A74,2,A101,3,A122,1,A143,A152,2,A173,1,A191,A201,1,1,0
880,A13,12,A32,A41,7814,A61,A74,4,A101,3,A124,1,A143,A152,1,A174,1,A192,A201,0,1,0
881,A13,6,A32,A41,9277,A61,A73,2,A101,4,A123,1,A143,A153,1,A173,1,A192,A201,0,1,1
882,A14,24,A33,A40,2181,A65,A75,4,A101,4,A121,1,A143,A152,2,A173,1,A191,A201,0,1,0
883,A14,18,A32,A43,1098,A65,A71,2,A101,4,A121,1,A143,A152,2,A172,1,A191,A201,0,0,1
884,A12,24,A32,A42,4057,A61,A74,3,A101,3,A123,1,A143,A152,1,A173,1,A192,A201,0,1,1
885,A11,12,A32,A46,795,A61,A72,4,A101,4,A122,1,A143,A152,1,A173,1,A191,A201,0,0,1
886,A11,6,A32,A49,2825,A61,A74,1,A101,3,A124,1,A141,A152,2,A173,2,A192,A201,0,1,0
887,A12,48,A32,A49,15672,A61,A73,2,A101,2,A123,0,A143,A152,1,A173,1,A192,A201,0,1,0
888,A14,36,A34,A40,6614,A61,A75,4,A101,4,A123,1,A143,A152,2,A174,1,A192,A201,1,1,0
889,A11,11,A32,A41,7824,A61,A72,3,A103,4,A122,1,A143,A151,2,A173,2,A192,A201,0,1,0
890,A14,12,A32,A49,2442,A61,A75,2,A101,4,A121,1,A143,A152,4,A174,2,A192,A201,0,1,0
891,A14,15,A34,A43,1829,A61,A75,4,A101,4,A123,1,A143,A152,2,A173,1,A192,A201,1,1,0
892,A11,12,A34,A40,2171,A61,A73,4,A101,4,A122,1,A141,A152,2,A172,1,A191,A202,1,1,0
893,A12,36,A34,A41,5800,A61,A73,3,A101,4,A123,1,A143,A152,2,A173,1,A192,A201,1,1,0
894,A14,18,A34,A43,1169,A65,A73,4,A101,3,A122,1,A143,A152,2,A173,1,A192,A201,1,1,0
895,A14,36,A33,A41,8947,A65,A74,3,A101,2,A123,1,A142,A152,1,A174,2,A192,A201,1,1,0
896,A11,21,A32,A43,2606,A61,A72,4,A101,4,A122,1,A143,A151,1,A174,1,A192,A201,1,0,1
897,A14,27,A34,A42,1592,A61,A74,4,A101,2,A122,1,A143,A152,1,A173,1,A191,A202,0,0,1
898,A12,24,A34,A42,2186,A61,A74,1,A101,4,A123,1,A143,A151,1,A172,1,A191,A201,0,0,1
899,A11,18,A32,A42,4153,A61,A73,2,A102,3,A123,1,A143,A152,1,A173,1,A191,A201,0,1,0
900,A11,16,A34,A40,2625,A61,A75,2,A103,4,A122,1,A141,A151,1,A173,1,A192,A201,0,1,0
901,A12,27,A32,A40,3485,A61,A72,2,A101,4,A123,1,A141,A152,2,A174,1,A192,A201,0,1,1
902,A14,36,A34,A41,10477,A65,A75,2,A101,4,A124,1,A143,A153,2,A173,1,A191,A201,1,1,0
903,A14,15,A32,A43,1386,A65,A73,4,A101,2,A121,1,A143,A151,1,A173,1,A192,A201,1,1,1
904,A12,9,A32,A43,1278,A61,A75,2,A101,1,A123,1,A143,A152,1,A173,1,A192,A201,0,1,0
905,A11,12,A32,A43,1107,A61,A73,2,A101,2,A121,0,A143,A151,1,A174,2,A192,A201,1,1,0
906,A11,21,A32,A40,3763,A65,A74,2,A102,2,A121,0,A143,A152,1,A172,1,A191,A202,1,1,0
907,A12,18,A31,A46,3711,A61,A73,3,A101,2,A121,1,A141,A152,1,A174,1,A191,A201,0,1,1
908,A14,15,A33,A41,3594,A61,A72,1,A101,2,A122,1,A143,A152,2,A172,1,A191,A201,1,0,1
909,A11,18,A34,A40,3195,A65,A73,4,A101,2,A124,1,A141,A152,1,A173,1,A191,A201,0,0,1
910,A11,24,A32,A43,4454,A61,A73,4,A101,4,A124,1,A143,A152,2,A173,1,A191,A201,0,0,1
911,A12,24,A34,A42,4736,A61,A72,2,A101,4,A123,0,A141,A152,1,A172,1,A191,A201,0,0,1
912,A12,30,A32,A43,2991,A65,A75,2,A101,4,A123,0,A143,A152,1,A173,1,A191,A201,1,0,1
913,A14,11,A32,A49,2142,A64,A75,1,A101,2,A121,1,A143,A152,1,A173,1,A192,A201,1,1,1
914,A11,24,A31,A49,3161,A61,A73,4,A101,2,A122,1,A143,A151,1,A173,1,A192,A201,0,1,0
915,A12,48,A30,A410,18424,A61,A73,1,A101,2,A122,1,A141,A152,1,A174,1,A192,A202,0,0,1
916,A14,10,A32,A41,2848,A62,A73,1,A102,2,A121,1,A143,A152,1,A173,2,A191,A201,1,1,0
917,A11,6,A32,A40,14896,A61,A75,1,A101,4,A124,1,A141,A152,1,A174,1,A192,A201,0,1,0
918,A11,24,A32,A42,2359,A62,A71,1,A101,1,A122,1,A143,A152,1,A173,1,A191,A201,0,1,1
919,A11,24,A32,A42,3345,A61,A75,4,A101,2,A122,1,A143,A151,1,A174,1,A192,A201,0,1,0
920,A14,18,A34,A42,1817,A61,A73,4,A101,2,A124,1,A143,A152,2,A173,1,A191,A201,1,0,1
921,A12,9,A32,A43,12749,A61,A74,4,A101,1,A123,1,A143,A152,1,A173,1,A192,A201,0,1,0
922,A11,9,A32,A43,1366,A61,A72,3,A101,4,A122,0,A143,A151,1,A173,1,A191,A201,0,0,1
923,A14,9,A32,A40,2002,A64,A74,3,A101,4,A122,1,A141,A151,1,A172,2,A192,A201,0,1,0
924,A11,24,A31,A42,6872,A61,A72,2,A101,1,A122,1,A141,A152,1,A173,1,A192,A201,0,1,1
925,A11,12,A31,A40,697,A61,A72,4,A101,2,A123,1,A141,A152,2,A173,1,A192,A201,0,1,0
926,A11,18,A34,A42,1049,A61,A72,4,A101,4,A122,0,A143,A151,1,A173,1,A191,A201,1,0,1
927,A11,48,A32,A41,10297,A61,A74,4,A101,4,A124,1,A142,A153,3,A173,2,A192,A201,0,1,0
928,A14,30,A32,A43,1867,A65,A75,4,A101,4,A123,1,A143,A152,1,A173,1,A192,A201,1,1,0
929,A11,18,A33,A40,1344,A61,A73,3,A101,2,A121,1,A143,A152,2,A173,2,A191,A201,0,1,0
930,A11,24,A32,A42,1747,A61,A72,4,A102,1,A122,0,A143,A152,1,A172,1,A191,A202,1,1,0
931,A12,9,A32,A43,1670,A61,A72,4,A101,2,A123,0,A143,A152,1,A173,1,A192,A201,0,0,1
932,A14,9,A34,A40,1224,A61,A73,3,A101,1,A121,1,A143,A152,2,A173,1,A191,A201,1,1,0
933,A14,12,A34,A43,522,A63,A75,4,A101,4,A122,1,A143,A152,2,A173,2,A192,A201,1,1,0
934,A11,12,A32,A43,1498,A61,A73,4,A101,1,A123,0,A141,A152,1,A173,1,A191,A201,1,0,1
935,A12,30,A33,A43,1919,A62,A72,4,A101,3,A124,1,A142,A152,2,A174,1,A191,A201,0,1,0
936,A13,9,A32,A43,745,A61,A73,3,A101,2,A121,1,A143,A152,1,A172,1,A191,A201,0,0,1
937,A12,6,A32,A43,2063,A61,A72,4,A101,3,A123,1,A143,A151,1,A174,1,A192,A201,1,1,1
938,A12,60,A32,A46,6288,A61,A73,4,A101,4,A124,1,A143,A153,1,A173,1,A191,A201,0,1,0
939,A14,12,A32,A41,6842,A65,A73,4,A101,4,A121,1,A143,A152,2,A171,2,A192,A201,0,1,0
940,A14,36,A33,A40,3527,A65,A72,3,A101,3,A123,1,A143,A152,1,A173,2,A192,A201,0,1,0
941,A14,10,A32,A40,1546,A61,A73,3,A101,2,A121,1,A143,A152,1,A172,2,A191,A202,1,1,0
942,A12,12,A31,A42,929,A65,A74,2,A101,2,A123,1,A143,A152,1,A171,1,A192,A201,0,1,0
943,A12,24,A32,A40,1455,A65,A74,1,A101,1,A122,1,A143,A152,3,A174,2,A191,A201,0,1,0
944,A14,36,A32,A42,1845,A65,A72,2,A103,1,A123,1,A143,A151,1,A173,1,A191,A201,0,0,1
945,A13,24,A32,A40,8358,A61,A72,4,A101,1,A121,1,A143,A152,2,A173,1,A191,A201,0,0,1
946,A11,24,A31,A42,3349,A63,A72,4,A101,4,A124,1,A143,A153,1,A173,2,A192,A201,0,1,0
947,A12,24,A34,A40,2859,A63,A71,3,A101,4,A123,1,A143,A152,1,A173,1,A192,A201,0,1,0
948,A14,18,A32,A42,1533,A61,A72,4,A102,1,A122,1,A143,A152,1,A172,2,A191,A201,0,1,1
949,A14,24,A32,A43,3621,A62,A75,2,A101,4,A123,1,A143,A152,2,A173,1,A191,A201,0,1,0
950,A14,24,A32,A49,3590,A61,A71,4,A101,3,A122,1,A141,A152,3,A173,2,A192,A201,0,1,1
951,A11,36,A33,A49,2145,A61,A74,2,A101,1,A123,0,A143,A152,2,A173,1,A192,A201,0,1,0
952,A12,24,A32,A41,4113,A63,A72,3,A101,4,A123,1,A143,A151,1,A173,1,A191,A201,0,0,1
953,A14,36,A32,A42,10974,A61,A71,4,A101,2,A123,1,A143,A152,2,A174,1,A192,A201,0,0,1
954,A14,24,A32,A40,1893,A62,A73,2,A103,4,A123,1,A141,A152,1,A172,1,A192,A201,0,0,1
955,A14,24,A32,A43,1231,A61,A75,1,A101,4,A123,1,A143,A151,2,A172,1,A192,A201,0,0,1
956,A13,30,A34,A43,3656,A65,A75,4,A101,4,A122,1,A142,A152,2,A172,1,A191,A201,1,1,0
957,A12,9,A34,A43,1154,A61,A75,2,A101,4,A121,1,A143,A152,3,A172,1,A191,A201,1,1,0
958,A11,28,A32,A40,4006,A61,A73,3,A101,2,A123,1,A143,A152,1,A172,1,A191,A201,0,1,0
959,A12,24,A32,A42,3069,A62,A75,4,A101,4,A124,1,A143,A153,1,A173,1,A191,A201,1,1,0
960,A14,6,A34,A43,1740,A61,A75,2,A101,2,A121,1,A143,A151,2,A173,1,A191,A201,1,1,1
961,A14,24,A33,A40,2353,A61,A73,4,A101,4,A121,1,A143,A152,2,A173,1,A191,A201,0,1,1
962,A14,15,A32,A40,3556,A65,A73,3,A101,2,A124,1,A143,A152,1,A173,1,A191,A201,1,1,0
963,A14,24,A32,A43,2397,A63,A75,3,A101,2,A123,1,A141,A152,2,A173,1,A192,A201,0,1,0
964,A12,6,A32,A45,454,A61,A72,3,A101,1,A122,0,A143,A152,1,A172,1,A191,A201,1,1,1
965,A14,12,A34,A43,1715,A61,A73,3,A101,1,A124,1,A141,A152,1,A173,1,A191,A201,0,0,1
966,A12,27,A34,A43,2520,A63,A73,4,A101,2,A122,0,A143,A152,2,A172,1,A191,A201,0,1,0
967,A14,15,A32,A43,3568,A61,A75,4,A101,2,A123,1,A141,A151,1,A174,1,A192,A201,1,0,1
968,A14,30,A32,A43,7166,A65,A74,4,A101,4,A124,1,A143,A151,1,A173,1,A192,A201,0,1,1
969,A11,11,A34,A40,3939,A61,A73,1,A101,2,A121,1,A143,A152,2,A172,2,A191,A201,1,1,0
970,A12,15,A32,A45,1514,A62,A73,4,A103,2,A121,0,A143,A152,1,A173,1,A191,A201,1,1,0
971,A12,15,A31,A40,7393,A65,A73,4,A101,4,A121,1,A142,A152,1,A173,2,A191,A201,0,1,0
972,A11,24,A31,A40,1193,A61,A71,1,A102,4,A124,1,A143,A151,2,A171,1,A191,A201,0,0,1
973,A11,60,A32,A49,7297,A61,A75,4,A102,4,A124,1,A143,A151,1,A173,1,A191,A201,0,1,0
974,A14,30,A34,A43,2831,A61,A73,4,A101,2,A123,1,A143,A152,1,A173,1,A192,A201,1,0,1
975,A12,18,A32,A43,1258,A61,A73,4,A101,3,A121,1,A142,A152,1,A174,1,A191,A201,0,0,1
976,A14,36,A32,A43,753,A62,A73,2,A103,3,A121,1,A143,A152,1,A173,1,A191,A201,0,0,1
977,A12,18,A33,A49,2427,A65,A75,4,A101,2,A122,1,A143,A152,2,A173,1,A191,A201,1,1,0
978,A14,24,A33,A40,2538,A61,A75,4,A101,4,A123,1,A143,A152,2,A172,2,A191,A201,0,1,0
979,A12,15,A31,A40,1264,A62,A73,2,A101,2,A122,0,A143,A151,1,A173,1,A191,A201,0,1,1
980,A12,30,A34,A42,8386,A61,A74,2,A101,2,A122,1,A143,A152,1,A173,1,A191,A201,0,1,0
981,A14,48,A32,A49,4844,A61,A71,3,A101,2,A123,1,A141,A151,1,A174,1,A192,A201,0,1,0
982,A13,21,A32,A40,2923,A62,A73,1,A101,1,A123,1,A141,A152,1,A174,1,A192,A201,1,0,1
983,A11,36,A32,A41,8229,A61,A73,2,A101,2,A122,1,A143,A152,1,A173,2,A191,A201,0,1,0
984,A14,12,A32,A42,2028,A61,A74,4,A101,2,A123,1,A143,A152,2,A173,1,A191,A201,0,1,0
985,A11,15,A34,A42,1433,A61,A73,4,A101,3,A122,0,A143,A151,2,A173,1,A191,A201,1,0,1
986,A12,15,A32,A49,6289,A61,A72,2,A101,1,A123,1,A143,A152,2,A172,1,A191,A201,0,1,1
987,A14,30,A33,A43,1409,A61,A71,4,A101,4,A123,1,A143,A152,1,A173,1,A191,A201,0,0,1
988,A12,24,A32,A41,6579,A61,A71,3,A101,2,A123,1,A143,A153,1,A172,1,A192,A201,0,1,0
989,A14,12,A33,A43,1743,A61,A75,4,A101,2,A122,1,A141,A152,2,A173,1,A191,A201,0,1,0
990,A12,30,A32,A46,3565,A61,A72,4,A101,1,A121,1,A143,A152,2,A173,2,A191,A201,0,1,0
991,A14,24,A33,A43,1569,A61,A75,2,A101,4,A121,1,A143,A152,1,A173,2,A191,A201,0,1,0
992,A11,18,A32,A43,1936,A65,A74,2,A101,4,A123,0,A143,A151,2,A172,1,A191,A201,1,1,1
993,A11,36,A32,A42,3959,A61,A71,4,A101,3,A122,1,A143,A152,1,A174,1,A192,A201,1,1,0
994,A11,24,A33,A40,2390,A61,A75,4,A101,3,A124,1,A143,A152,1,A172,1,A192,A201,0,1,0
995,A14,12,A32,A42,1736,A61,A74,3,A101,4,A121,1,A143,A152,1,A172,1,A191,A201,1,0,1
996,A11,30,A32,A41,3857,A61,A73,4,A101,4,A122,1,A143,A152,1,A174,1,A192,A201,1,1,1
997,A14,12,A32,A43,804,A61,A75,4,A101,4,A123,1,A143,A152,1,A173,1,A191,A201,1,1,0
998,A11,45,A32,A43,1845,A61,A73,4,A101,4,A124,0,A143,A153,1,A173,1,A192,A201,0,1,0
999,A12,45,A34,A41,4576,A62,A71,3,A101,4,A123,1,A143,A152,1,A173,1,A191,A201,1,1,0
