credit_history,amount,employment,residence_since,age,housing,job,telephone,foreign_worker,marital_status,sex,credit_risk
0,3652,4,4,1,1,1,1,1,0,1,1
1,9629,2,2,0,1,1,0,1,1,0,0
0,2096,3,3,1,1,0,0,1,0,1,1
1,7882,3,4,1,0,1,0,1,0,1,1
0,4870,2,4,1,0,1,0,1,0,0,1
1,9055,2,4,1,0,0,1,1,0,1,1
1,2835,4,4,1,1,0,0,1,0,1,1
1,6948,2,2,1,0,2,1,1,0,1,1
1,3059,3,4,1,1,0,0,1,1,1,1
0,5234,0,2,1,1,0,0,1,1,0,1
1,1295,1,1,0,0,1,0,1,1,0,0
1,4308,1,4,1,0,1,0,1,1,0,0
1,1567,2,1,0,1,1,1,1,1,1,0
0,1199,4,4,1,1,0,0,1,0,0,1
1,1403,2,4,1,0,1,0,1,1,1,0
1,1282,2,2,1,0,1,0,1,1,0,0
0,2424,4,4,1,1,1,0,1,0,1,1
1,3378,1,3,0,1,1,0,1,0,1,1
1,12579,4,2,1,0,2,1,1,1,0,0
1,3430,4,2,1,1,1,1,1,0,1,1
0,2134,2,4,1,1,1,1,1,0,1,1
1,2647,2,3,1,0,1,0,1,0,1,1
0,2241,1,3,1,0,0,0,0,0,1,1
1,1804,1,4,1,1,1,0,1,0,1,1
0,2069,2,1,1,1,1,0,0,1,1,1
0,1374,2,2,1,1,0,1,1,0,1,1
1,426,4,4,1,1,0,0,1,1,1,1
1,409,2,2,1,0,1,1,1,0,1,0
1,2415,2,2,1,1,1,0,1,0,1,1
0,6314,4,4,1,1,1,1,1,0,0,1
1,1913,1,3,1,1,1,1,1,0,1,1
1,4020,2,2,1,1,1,0,1,0,1,1
1,5943,2,2,1,1,1,1,1,0,1,1
0,1264,4,4,1,0,0,0,1,0,1,1
1,1474,1,1,1,1,1,1,1,0,1,0
0,4746,1,2,0,0,0,0,1,0,0,1
0,6110,2,3,1,0,1,1,1,0,1,1
1,2100,2,2,1,1,1,0,1,0,0,1
1,1225,2,4,1,1,1,1,1,0,1,1
1,1835,2,3,0,1,1,0,1,0,1,1
1,2333,4,2,1,1,2,0,1,0,1,1
1,1158,2,1,1,1,1,1,1,1,1,1
0,6204,2,4,1,1,0,1,1,0,1,1
0,6187,3,4,0,0,1,0,1,1,1,1
0,6143,4,4,1,0,2,0,1,1,0,0
0,1393,1,4,1,1,2,0,1,1,1,0
1,2299,4,4,1,1,1,0,1,0,1,1
1,1352,0,2,0,0,1,1,1,1,1,0
0,7228,2,4,1,1,0,0,1,0,1,1
1,2073,2,2,1,1,1,0,1,1,1,0
0,2333,1,2,1,1,0,0,1,0,1,1
0,5965,4,2,1,1,2,1,1,0,1,1
1,1262,3,2,1,1,1,0,1,0,1,1
1,3378,2,1,1,1,1,1,1,0,1,1
0,5096,4,4,1,0,1,1,1,0,0,1
1,783,2,2,1,1,0,0,1,0,1,1
1,6468,0,1,1,1,2,1,1,0,0,1
0,9566,2,2,1,1,1,0,1,1,1,0
1,1503,4,4,0,1,2,0,1,1,1,0
0,6229,1,4,0,0,0,1,1,1,0,0
1,1391,2,1,1,1,1,1,1,1,1,1
0,1537,2,4,1,1,1,1,1,0,1,1
1,1953,4,4,1,0,2,1,1,0,0,1
1,14421,2,2,0,1,1,1,1,0,0,1
1,3181,1,3,1,1,1,1,1,1,1,0
1,5190,4,4,1,1,1,1,1,0,1,1
1,2171,1,2,1,1,1,1,1,1,1,0
1,3448,2,1,0,1,1,0,1,1,1,1
1,1819,2,4,1,0,1,1,1,0,0,1
1,2394,3,4,1,1,1,0,1,1,1,0
1,8133,2,2,1,1,1,0,1,1,1,0
0,730,3,2,1,0,0,0,1,0,1,1
0,1164,4,4,1,0,2,1,1,0,1,1
0,5954,3,1,1,1,0,0,1,1,1,0
1,1977,4,4,1,1,1,1,1,0,0,1
0,1526,4,4,1,0,2,0,1,0,1,1
1,3965,1,3,1,1,1,0,1,0,0,1
0,4771,4,4,1,1,1,0,1,0,1,1
1,9436,2,2,1,1,0,0,1,0,1,1
1,674,1,1,0,1,1,0,1,1,1,1
1,5943,1,1,1,1,2,1,1,1,0,0
1,1213,4,3,1,1,1,1,1,0,1,1
1,1568,2,4,0,0,0,0,1,1,1,0
1,1755,0,4,1,1,0,1,1,1,1,0
1,2315,4,4,1,1,0,0,1,0,1,1
0,1412,2,2,1,1,2,1,1,1,1,0
0,1295,1,1,1,1,1,0,1,1,1,0
1,12612,2,4,1,0,1,1,1,0,0,1
1,2249,3,3,1,1,2,1,1,0,1,1
1,1108,3,3,1,1,1,0,1,0,0,1
0,618,4,4,1,1,1,0,1,0,1,1
0,1409,4,3,1,1,1,1,1,0,1,1
0,797,4,3,1,1,0,0,1,1,0,0
0,3617,4,4,0,0,1,0,1,0,1,1
1,1318,4,4,1,1,1,1,1,0,1,1
1,15945,1,4,1,0,1,1,1,0,0,1
0,2012,3,2,1,1,1,0,1,1,1,0
1,2622,2,4,1,1,1,0,1,0,1,1
0,2337,4,4,1,1,1,0,1,0,1,1
0,7057,3,4,1,0,2,0,1,0,1,1
0,1469,4,4,1,0,0,0,1,1,1,1
1,2323,3,4,0,0,1,0,1,0,1,1
0,932,2,2,0,1,1,0,1,1,1,0
0,1919,3,3,1,0,1,1,1,0,1,1
1,2445,1,4,1,0,1,1,1,1,1,1
0,11938,2,3,1,1,2,1,1,0,0,1
1,6458,4,4,1,1,2,1,1,0,0,1
1,6078,2,2,1,1,1,0,1,0,1,1
1,7721,1,2,1,1,1,1,0,1,1,0
1,1410,4,2,1,1,1,1,1,1,1,1
0,1449,4,2,1,1,1,0,1,1,1,1
0,392,1,4,0,0,1,1,1,1,1,0
1,6260,3,3,1,0,0,0,1,0,1,1
0,7855,2,4,0,1,1,1,1,0,0,0
1,1680,4,1,1,1,1,0,1,1,1,1
0,3578,4,1,1,1,1,0,1,0,1,1
1,7174,3,3,0,0,2,1,1,1,0,0
0,2132,1,3,1,0,1,0,0,1,1,0
1,4281,2,4,0,1,1,0,1,1,0,0
0,2366,3,3,1,1,2,1,1,1,1,1
1,1835,2,2,0,1,1,1,1,1,0,0
0,3868,4,2,1,0,1,1,1,1,1,0
1,1768,2,2,0,1,0,0,1,0,1,1
0,781,4,4,1,0,1,1,1,0,1,1
1,1924,1,4,1,0,1,0,1,1,0,0
0,2121,2,2,1,1,1,0,1,0,1,1
1,701,2,2,1,1,0,0,1,1,1,1
1,639,2,2,1,1,1,0,1,0,0,1
0,1860,0,2,1,1,2,1,1,0,1,1
0,3499,2,2,1,1,1,0,1,1,0,0
1,8487,3,2,0,1,1,0,1,1,1,0
0,6887,2,3,1,1,1,0,1,0,0,1
1,2708,1,3,1,1,0,0,1,0,1,1
1,1984,2,4,1,0,1,1,1,0,1,1
1,10144,3,4,1,1,0,1,1,1,1,0
0,1240,4,2,1,1,1,1,1,1,1,0
0,8613,2,2,1,1,1,0,1,0,1,1
1,3609,2,3,1,1,0,0,1,0,0,1
0,2728,3,2,1,1,1,1,1,0,1,1
1,1881,2,2,0,1,0,1,1,1,1,0
1,709,1,2,1,1,0,0,0,1,1,1
1,4795,1,1,1,1,1,1,1,1,1,0
1,3416,2,2,1,1,0,0,1,0,1,1
1,2462,2,2,0,1,1,0,1,0,0,1
1,2288,1,4,0,1,1,1,1,0,1,0
1,3566,3,2,1,1,1,0,1,0,1,1
0,860,4,4,1,1,1,1,1,1,1,0
0,682,3,3,1,1,2,1,1,1,1,0
0,5371,2,4,1,1,1,0,1,0,1,1
0,11760,4,4,1,1,1,0,1,0,1,1
1,1346,1,4,1,0,1,1,1,0,1,1
1,1924,2,2,1,1,1,1,0,0,1,1
1,5848,2,1,0,1,1,0,1,0,1,1
0,7758,4,4,1,0,1,0,1,1,1,0
0,6967,3,4,1,0,2,1,1,0,1,1
1,1282,2,4,0,0,1,0,1,1,0,0
0,1288,4,4,1,1,1,0,0,0,1,1
1,339,4,1,1,1,0,0,1,1,1,1
1,3512,3,3,1,1,1,1,1,0,1,1
0,1898,2,2,1,1,1,0,1,0,1,1
1,2872,4,2,1,1,1,1,1,0,1,1
0,1055,1,1,1,1,1,0,1,1,1,0
1,1262,3,3,1,1,1,1,1,0,1,1
1,7308,0,4,1,0,2,1,1,0,1,1
1,909,4,4,1,1,1,0,1,0,1,1
1,2978,2,2,1,1,1,1,1,0,1,1
1,1131,0,2,1,1,1,0,1,1,0,0
1,1577,1,1,0,0,1,0,1,1,1,0
1,3972,3,4,0,0,1,1,1,1,1,0
0,1935,4,4,1,0,1,0,1,1,0,1
1,950,4,3,1,0,1,0,1,0,0,1
1,763,2,1,1,1,1,1,1,1,1,0
0,2064,0,2,1,1,1,1,1,1,0,0
1,1414,2,2,0,1,1,0,0,0,1,1
0,3414,1,1,1,0,2,0,1,0,0,1
1,7485,0,1,1,0,2,0,1,1,0,0
1,2577,2,1,1,1,1,0,1,1,1,1
0,338,4,4,1,1,1,0,1,0,1,1
1,1963,3,2,1,0,2,1,1,0,1,1
0,571,4,4,1,1,1,0,0,0,1,1
0,9572,1,1,1,1,1,0,1,1,0,1
0,4455,2,2,1,1,2,1,1,1,0,1
1,1647,2,2,1,1,1,0,1,0,0,1
0,3777,2,4,1,1,1,1,1,0,1,1
0,884,4,4,1,1,1,1,1,0,0,1
0,640,2,2,1,1,1,0,1,0,1,1
1,5129,4,4,1,0,2,1,1,1,0,0
0,1175,0,3,1,0,1,1,1,0,1,1
1,674,3,1,0,1,1,0,1,1,0,1
1,3244,2,4,1,1,0,1,1,1,1,0
1,4591,2,3,1,1,1,1,1,0,0,1
1,3844,3,4,1,0,0,0,1,0,0,1
1,3915,2,2,1,1,1,1,1,0,0,1
1,2108,3,2,1,0,1,0,1,1,1,1
1,3031,2,4,0,0,1,0,1,0,0,1
0,1501,4,3,1,1,2,1,1,1,0,0
0,1965,2,1,1,1,1,0,1,1,1,0
1,951,1,4,1,0,1,0,1,1,0,0
1,2760,4,4,1,0,1,1,1,0,1,1
0,4297,4,3,1,1,2,1,1,1,0,1
0,936,4,2,1,1,1,1,1,0,1,1
1,1168,2,3,1,1,0,0,1,1,1,1
0,5117,3,4,1,1,1,0,1,0,1,1
1,902,3,4,0,0,1,0,1,1,0,1
0,1495,4,1,1,1,0,0,1,0,1,1
0,10623,4,4,1,0,2,1,1,0,1,1
0,1935,4,4,1,1,1,1,1,0,1,1
0,1424,3,3,1,1,1,0,1,0,1,1
1,6568,4,2,0,1,0,0,1,1,1,1
1,1413,3,2,1,1,2,0,0,0,1,1
0,3074,2,2,1,0,1,0,1,0,1,1
1,3835,4,4,1,1,0,1,1,1,1,0
1,5293,0,4,1,1,1,1,1,0,0,1
0,1908,4,4,1,1,2,1,1,0,0,1
0,3342,4,2,1,0,1,1,1,0,1,1
0,932,3,3,1,1,0,0,1,1,1,0
1,3104,3,1,1,1,1,1,1,0,1,1
1,3913,2,2,0,1,1,1,1,0,1,1
1,3021,2,2,0,0,0,0,1,1,1,1
1,1364,2,4,1,1,1,1,1,1,1,0
1,625,1,1,1,1,0,0,1,1,1,1
1,1200,2,4,0,0,1,1,1,1,1,0
1,707,2,2,1,1,1,0,1,0,1,1
0,2978,2,4,1,1,1,1,1,0,1,1
1,4657,2,2,1,1,0,1,1,0,1,1
1,2613,2,2,1,1,1,0,1,0,1,1
1,10961,3,2,1,1,1,1,1,0,0,1
1,7865,4,4,1,0,2,1,1,0,0,1
1,1478,3,2,0,1,1,0,1,0,0,1
1,3149,1,1,0,0,1,0,1,0,1,1
1,4210,2,2,1,1,1,0,1,0,0,1
1,2507,3,4,1,0,0,0,1,0,1,1
1,2141,3,1,1,1,1,0,1,0,1,1
1,866,2,2,1,1,0,0,1,1,1,1
0,1544,3,1,1,1,0,0,1,1,1,1
1,2028,0,2,1,1,2,0,1,0,0,1
1,14555,0,2,0,1,0,1,1,0,0,1
1,2767,4,2,1,0,0,0,1,1,0,1
0,585,2,2,1,1,1,0,1,1,1,0
1,2522,4,3,1,1,1,0,1,0,1,1
1,915,4,2,1,1,1,1,1,1,0,0
1,1595,3,2,1,1,1,0,1,0,1,1
1,4605,4,3,0,0,1,0,1,0,0,1
0,1185,2,2,1,1,1,0,1,1,1,0
1,3447,2,3,1,1,0,0,1,1,1,0
1,1258,4,1,0,1,1,1,1,0,1,1
0,717,4,4,1,1,1,0,1,0,1,1
1,1204,2,1,1,0,1,0,0,0,1,1
1,1925,2,2,1,1,1,0,1,0,1,1
1,433,0,4,0,0,1,0,1,1,0,0
0,666,3,4,1,1,0,1,1,1,1,0
1,2251,2,2,1,1,0,0,1,1,1,0
1,2150,2,4,0,1,1,0,1,1,0,0
0,4151,2,3,1,1,1,0,1,0,1,1
1,2030,3,1,0,1,1,1,1,0,1,1
0,7418,2,1,1,1,0,0,1,0,1,1
0,2684,2,2,1,1,0,0,1,0,1,1
1,2149,2,1,1,0,1,0,1,1,0,1
1,3812,1,4,0,1,1,1,1,1,1,0
0,1154,0,4,1,1,0,0,1,1,1,0
1,1657,2,2,1,1,1,0,1,0,1,1
1,1603,4,4,1,1,1,0,1,1,1,0
0,5302,4,4,1,0,2,1,1,0,1,1
0,2748,4,4,1,0,0,0,1,1,1,0
0,1231,4,4,1,1,0,0,0,0,1,1
1,802,4,3,1,1,1,0,1,0,0,1
0,6304,4,4,1,1,1,0,1,0,1,1
1,12612,1,3,1,1,1,1,1,1,1,0
1,8978,2,4,1,1,2,1,0,1,0,1
1,999,4,2,0,1,1,0,1,0,1,1
1,2662,3,3,1,1,2,0,0,0,1,1
0,1402,3,4,1,0,1,1,1,1,1,0
1,12169,0,4,1,0,2,1,1,1,1,1
1,3060,3,4,1,1,1,0,1,0,0,1
1,11998,1,1,1,1,0,1,1,1,0,1
1,2697,2,2,1,1,1,0,1,0,1,1
0,2404,2,2,1,1,1,0,1,1,1,0
1,5804,4,4,1,1,0,1,1,1,1,1
1,4611,1,4,1,1,1,0,1,1,0,0
1,1901,2,4,1,0,2,1,1,0,1,1
0,3368,4,4,0,0,1,1,1,0,1,1
1,1574,2,2,1,1,1,0,1,0,1,1
1,1445,3,4,1,1,0,0,1,0,1,1
0,1520,4,4,1,1,1,0,1,0,1,1
0,3878,1,2,1,1,1,1,1,1,1,1
1,10722,1,4,1,1,0,1,1,1,1,0
1,368,3,3,1,1,1,0,1,0,1,1
0,7582,0,4,1,0,2,1,1,0,1,1
1,1092,2,4,1,1,1,1,1,1,1,0
0,1024,1,3,1,1,1,0,1,1,0,1
1,1076,2,2,1,1,1,1,0,1,1,1
1,9398,1,2,1,0,2,1,1,1,0,1
0,6419,4,4,1,0,2,1,1,1,1,0
0,4796,4,4,1,0,1,0,1,0,1,1
0,7629,4,2,1,1,1,0,1,1,1,1
1,9960,1,2,1,1,1,1,1,1,0,0
1,4675,1,4,0,0,1,0,1,1,1,0
1,1287,4,2,1,1,0,0,0,0,1,1
1,2515,2,4,1,1,1,1,1,0,1,1
0,2745,3,2,1,1,1,1,1,0,1,1
1,672,0,4,1,1,0,1,1,1,1,0
1,3804,2,1,1,1,1,1,1,1,0,0
0,1344,3,2,1,1,0,0,1,0,0,1
0,1038,2,3,1,1,1,1,1,0,1,1
0,10127,2,2,1,0,1,0,1,0,0,1
1,1543,2,2,1,1,1,0,1,1,1,1
1,4811,4,4,0,0,0,0,1,1,1,0
1,727,1,3,1,1,0,1,1,1,0,1
1,1237,2,4,0,1,1,0,1,1,0,0
1,2775,2,4,0,0,0,0,1,1,1,1
1,5381,0,4,1,0,1,1,1,0,1,1
1,5511,2,1,0,1,1,0,1,0,1,1
1,3441,1,4,1,0,1,0,1,1,1,0
1,685,3,3,0,1,0,0,1,1,0,1
1,1494,1,2,1,1,0,0,0,0,1,1
1,1355,4,4,1,1,1,0,1,0,0,1
1,708,2,3,1,1,0,0,1,0,1,1
1,4351,2,4,1,1,0,1,1,1,1,0
0,701,2,3,1,1,1,0,1,0,1,1
0,3643,4,4,1,1,0,0,1,1,1,0
0,4249,0,2,1,1,2,0,1,1,0,1
1,1938,1,3,1,1,1,0,1,1,0,1
1,2910,3,1,1,0,1,1,1,0,1,1
1,2659,2,2,1,1,1,0,1,0,1,1
0,1028,2,3,1,1,1,0,1,1,1,0
0,3398,1,4,1,1,0,0,0,0,1,1
0,4795,4,4,1,0,1,1,1,0,1,1
1,1525,3,3,1,1,1,1,1,1,1,0
1,4473,4,2,1,1,1,0,1,0,1,1
1,1068,4,4,1,1,1,0,1,0,1,1
0,6615,0,4,1,0,2,1,1,0,1,1
0,1864,2,2,1,1,1,0,1,1,0,0
1,7408,1,2,0,1,2,0,1,1,0,0
0,11590,2,4,0,0,0,0,1,1,0,0
1,4110,4,4,0,0,1,0,1,0,0,1
0,3384,2,4,1,0,2,0,1,1,0,1
1,2101,1,4,0,1,0,0,1,1,1,0
1,1275,2,2,0,0,1,0,1,1,0,0
1,4169,2,4,1,1,1,0,1,0,1,1
1,1521,2,2,1,1,0,0,1,1,1,1
0,5743,3,4,0,0,1,1,1,1,1,0
1,3599,3,4,1,0,0,0,1,1,1,0
1,3213,1,3,0,0,1,0,1,1,1,1
1,4439,4,1,1,1,2,1,1,0,1,1
1,3949,1,1,1,1,0,0,1,1,1,1
0,1459,2,2,1,1,0,0,1,0,1,0
0,882,1,4,1,1,1,0,1,0,1,1
1,3758,0,4,0,0,0,0,1,1,1,0
1,1743,2,2,1,1,0,0,1,0,1,1
0,1136,4,3,1,0,1,0,1,0,0,1
1,1236,1,4,0,0,1,1,1,1,1,0
1,959,2,2,1,1,1,0,0,1,0,0
0,3229,0,4,1,1,2,1,1,0,1,1
1,6199,2,3,1,0,1,1,1,0,0,1
1,727,4,4,1,0,1,1,1,0,1,1
1,1246,1,2,0,1,0,0,1,0,0,1
0,2331,4,4,1,1,1,1,1,0,1,1
0,4463,2,2,1,1,2,1,1,0,0,1
1,776,2,2,0,1,1,0,1,1,1,1
1,2406,3,4,0,0,1,0,1,1,0,0
1,1239,2,4,1,0,1,0,1,0,1,1
1,3399,4,3,1,1,2,0,1,0,1,1
0,2247,2,2,1,1,1,1,1,0,1,0
0,1766,2,2,1,0,0,0,1,1,1,1
1,2473,0,1,0,1,0,0,1,0,0,1
1,1542,3,4,1,1,1,1,1,0,1,1
0,3850,3,1,1,1,1,0,1,0,1,1
1,3650,1,4,0,0,1,0,1,1,1,0
1,3446,4,2,1,1,1,0,1,0,0,1
1,3001,3,4,1,0,1,0,1,1,1,0
0,3079,2,4,1,1,1,0,1,0,1,1
0,6070,4,4,1,1,1,1,1,0,1,1
0,2146,1,3,0,0,1,0,1,1,1,0
0,13756,4,4,1,0,2,1,1,0,1,1
1,4675,4,4,1,0,2,1,1,1,0,0
1,7685,3,4,1,0,1,0,1,1,0,0
0,2320,0,3,1,1,1,0,1,1,1,1
0,846,4,4,1,0,1,0,1,0,1,1
1,14318,4,2,1,0,2,1,1,0,0,1
0,362,2,4,1,1,0,0,1,1,1,0
1,1445,3,4,1,1,1,1,1,0,1,1
1,12976,0,4,1,0,2,1,1,1,0,0
1,1283,2,4,0,0,1,0,1,1,1,0
1,1330,1,1,1,1,1,0,1,0,1,1
0,4272,2,2,1,1,0,0,1,0,1,1
0,2238,2,1,0,1,2,0,1,1,1,0
1,1264,1,2,0,0,1,1,1,1,1,0
0,7374,0,4,1,1,2,1,1,0,1,1
0,2326,2,4,1,1,1,0,1,0,1,1
1,1449,3,2,1,1,1,0,1,1,1,0
0,1820,2,2,1,1,2,1,1,1,1,1
1,1887,3,4,0,0,0,1,1,1,1,0
1,3249,3,4,1,0,2,1,1,0,1,1
0,1957,3,4,1,1,1,0,1,0,1,0
0,2406,0,3,1,1,2,0,1,0,1,1
0,11760,3,3,1,0,1,1,1,0,1,1
1,2670,0,4,1,0,2,0,1,1,1,0
0,2348,2,2,1,1,1,1,1,1,1,1
1,1223,4,1,1,0,1,0,1,1,0,1
1,1516,2,1,1,1,0,0,1,1,1,0
1,1473,1,4,1,1,1,1,1,1,1,1
0,1887,2,4,1,1,1,0,1,1,1,1
0,8648,1,2,1,1,1,1,1,0,0,1
0,802,2,2,1,1,0,0,1,0,1,1
0,1484,4,4,1,1,1,0,1,0,1,1
1,2039,1,1,0,1,1,1,1,1,0,1
0,2197,3,1,1,1,1,1,1,0,1,1
1,1053,1,2,1,1,1,0,0,1,1,1
1,3235,4,2,1,1,2,1,1,1,1,1
1,939,3,2,1,1,1,1,1,1,0,1
1,1967,4,4,0,1,1,1,1,1,1,0
0,7253,3,2,1,1,2,1,1,0,1,1
0,2292,0,2,1,1,2,1,1,0,0,1
1,1597,2,2,1,0,0,0,0,0,1,1
1,1381,2,2,1,1,1,0,1,1,0,0
0,5842,4,2,1,1,1,1,1,0,1,1
1,2579,1,1,1,1,0,0,1,0,0,1
0,8471,2,2,1,0,1,1,1,1,1,0
1,2782,3,2,1,1,2,0,1,1,1,0
1,1042,2,2,1,1,1,0,1,1,0,0
0,3186,3,3,0,0,1,0,1,1,1,0
1,2028,2,4,1,1,1,0,1,0,1,1
0,2210,3,3,1,1,0,0,1,0,1,1
0,1591,3,3,1,1,2,0,1,0,1,1
1,2762,4,4,0,1,1,1,1,1,0,0
1,2779,2,3,0,0,1,1,1,1,1,1
0,2743,4,2,1,1,1,0,1,0,1,1
0,1149,2,3,1,1,1,0,1,0,1,1
1,1313,4,4,0,1,1,0,1,0,1,1
0,1190,0,4,1,0,0,0,1,1,0,0
1,3448,3,4,1,1,0,0,1,0,1,1
1,11328,1,4,1,1,2,1,1,1,0,1
0,1872,0,4,1,0,2,1,1,0,1,1
0,2058,2,4,1,1,1,1,1,1,1,1
1,2136,2,2,0,1,1,0,1,0,1,1
1,1484,2,1,0,1,1,1,1,1,0,1
1,660,3,4,0,0,2,0,1,1,1,1
0,1287,4,4,1,1,1,1,1,1,1,0
0,3394,0,4,1,1,0,0,1,0,1,1
1,609,1,1,1,1,0,0,1,1,0,0
1,1884,4,4,1,1,2,1,1,0,1,1
1,1620,2,3,1,1,1,0,1,0,1,0
0,1525,2,3,1,1,1,1,1,0,1,1
1,719,4,4,1,1,0,0,1,0,0,1
0,5096,2,3,1,1,2,1,1,1,0,0
0,1244,4,4,1,0,0,0,1,1,1,0
1,1842,1,4,1,1,1,1,1,1,0,0
1,745,2,2,1,1,1,0,1,0,1,1
1,1424,4,4,1,1,2,1,1,1,1,0
0,1512,2,3,1,1,1,0,1,1,0,1
0,11054,2,2,1,1,2,1,1,0,1,1
1,518,2,1,0,1,1,0,1,1,1,0
1,2759,4,4,1,1,1,0,1,0,1,1
1,2670,4,4,1,1,2,1,1,0,1,1
1,4817,3,3,1,1,1,1,1,0,0,1
0,2679,1,1,1,1,1,1,1,1,1,0
0,3905,2,2,1,0,1,0,1,0,1,1
1,3386,4,4,1,0,1,1,1,0,0,1
1,343,1,1,1,1,1,0,1,1,1,0
1,4594,1,2,1,1,1,1,1,0,1,1
1,3620,2,2,1,1,1,0,1,0,1,1
1,1721,1,3,1,1,1,0,1,0,1,1
1,2611,1,4,1,0,2,0,1,1,1,0
1,754,4,4,1,1,1,0,1,0,1,1
1,1950,3,1,1,1,1,1,1,0,1,1
1,2924,2,4,1,0,1,1,1,0,1,1
0,1659,1,2,1,0,0,1,1,1,0,0
0,7238,4,3,1,1,1,0,1,0,1,1
0,2764,2,2,1,1,1,1,1,1,1,0
0,4679,3,3,0,1,1,1,1,0,1,1
1,3092,1,2,0,0,1,1,1,1,0,1
1,448,1,4,0,1,1,0,1,1,0,0
1,654,2,3,1,1,0,0,1,0,0,1
1,7174,0,4,1,1,2,1,1,0,1,1
0,1245,2,2,1,0,1,0,1,1,0,1
1,3114,1,4,1,0,1,0,1,1,0,0
1,2569,2,4,0,1,1,0,1,0,1,1
1,3595,3,2,0,1,1,0,1,0,1,1
1,1037,3,1,1,1,0,0,1,0,1,1
0,1478,4,4,1,1,1,1,1,0,1,1
0,3573,2,1,1,1,0,0,1,1,1,0
1,1201,1,1,1,1,1,0,1,0,1,1
1,3622,4,4,1,0,1,1,1,1,1,0
0,960,3,2,1,1,1,0,1,1,1,0
0,1163,2,4,1,1,1,1,1,0,1,1
0,10477,0,4,1,1,2,1,1,0,0,1
1,3077,1,4,1,1,1,1,1,0,1,1
1,3757,4,4,1,0,1,1,1,1,1,0
1,1418,2,2,1,0,0,1,0,0,1,1
0,3518,2,3,1,0,1,0,1,0,1,1
0,1934,4,2,1,1,1,0,1,0,1,1
1,8318,4,4,1,0,2,1,1,1,0,0
0,1237,2,1,1,1,1,0,1,1,1,0
1,368,4,4,1,1,1,0,1,0,1,1
0,2122,2,4,1,0,0,0,0,0,1,1
1,2996,2,4,0,1,1,0,1,1,0,1
1,9034,1,1,1,1,2,1,1,0,0,1
0,1585,3,3,1,1,1,0,1,0,1,1
1,1301,4,2,1,1,0,0,1,1,1,1
0,1323,4,4,1,1,1,1,1,1,1,1
1,3123,1,1,1,1,1,0,1,1,0,0
1,5493,2,4,1,0,1,0,1,0,1,1
1,518,4,4,1,1,1,0,1,1,1,1
0,1216,1,4,1,1,1,0,1,0,0,1
1,1207,1,4,0,0,1,0,1,1,0,0
1,1309,2,4,1,1,0,0,1,0,0,1
0,2360,2,1,1,1,1,1,1,0,1,1
1,6850,0,2,1,1,2,1,1,0,0,1
0,1413,2,2,1,1,1,1,1,1,1,1
1,8588,4,2,1,1,2,1,0,0,1,1
1,759,3,2,1,1,1,0,1,0,0,1
1,4686,2,2,1,0,2,1,1,0,1,1
1,2687,3,4,1,0,1,1,1,0,1,1
0,2116,2,4,0,0,0,0,1,1,1,1
1,2255,1,1,1,1,1,0,1,0,1,1
0,609,3,3,1,1,1,0,0,1,1,0
0,1361,1,4,1,1,0,0,0,0,1,1
0,4165,1,4,0,0,1,1,1,1,0,0
1,1203,4,2,1,1,1,1,1,0,1,1
0,700,4,4,1,0,1,0,1,0,1,1
0,5507,4,4,1,0,1,0,1,0,1,1
1,3190,2,2,0,1,1,0,1,1,0,0
1,7119,2,4,1,0,1,0,1,0,0,1
1,3488,3,4,0,1,1,0,1,1,1,0
1,1113,2,4,1,1,2,0,1,1,1,0
1,7966,1,3,1,1,1,0,1,0,1,1
0,1532,2,3,1,1,1,0,1,0,1,0
0,1503,3,1,1,1,0,0,1,0,1,1
1,2302,2,4,1,0,1,0,1,1,0,1
1,662,1,4,1,1,0,1,1,0,1,1
1,2273,3,1,1,1,1,0,1,0,1,1
1,2631,2,4,1,0,1,1,1,1,0,0
0,1503,3,4,1,0,1,0,1,1,1,1
1,1311,3,3,1,1,1,1,1,1,1,1
1,3105,1,2,0,1,0,0,1,0,1,1
0,2319,1,1,1,0,1,0,1,1,0,1
1,1374,0,3,1,1,2,1,1,1,1,0
0,3612,4,4,1,1,1,1,1,1,1,0
1,7763,4,4,1,0,2,0,1,0,0,1
1,3049,1,1,1,1,0,0,1,1,1,0
1,1534,1,1,0,0,1,0,1,1,0,1
0,2032,4,4,1,0,1,0,1,0,1,1
1,6350,4,4,1,1,1,0,1,0,0,1
1,2864,2,1,1,1,0,0,1,0,0,1
0,1255,4,4,1,1,0,0,1,0,1,1
0,1333,0,2,1,0,1,0,1,0,0,1
0,2022,2,4,1,1,1,1,1,1,1,0
1,1552,3,1,1,1,1,0,1,0,1,1
1,626,2,4,0,1,0,0,1,1,0,0
0,3676,3,1,1,0,1,1,1,0,1,1
0,996,3,4,0,1,1,0,1,1,1,0
1,1750,4,4,1,1,0,0,1,0,1,1
1,6999,3,1,1,1,1,1,1,1,0,1
0,18424,1,1,1,1,1,0,1,0,1,1
1,1199,3,4,1,1,2,1,1,0,1,0
1,1331,1,1,0,1,1,0,1,0,0,1
1,2278,1,3,1,1,1,0,1,1,0,0
1,5003,2,4,1,1,1,1,1,1,0,0
1,3552,3,4,1,1,1,0,1,0,0,1
0,1928,1,2,1,1,0,0,1,0,0,1
1,2964,4,4,1,0,1,1,1,0,1,1
1,1546,3,4,0,0,0,0,1,0,0,1
0,683,1,2,1,1,1,0,1,1,1,0
1,12389,2,4,1,0,1,1,1,0,0,1
0,4712,2,2,0,1,2,1,1,0,1,1
0,1553,3,2,0,1,1,1,1,1,1,0
1,1372,3,3,1,1,1,0,1,1,0,1
0,2578,4,2,1,1,1,0,1,0,1,1
1,3979,3,1,1,1,1,1,1,0,1,1
1,1867,2,2,1,0,1,1,1,1,0,0
1,3234,1,4,0,0,0,1,1,1,0,0
0,5954,3,2,1,1,1,0,1,0,1,1
1,6331,0,4,1,0,2,1,1,1,1,0
0,3092,2,4,0,1,0,0,1,1,1,0
1,1082,4,4,1,1,0,0,1,0,1,1
0,2788,4,3,0,1,1,0,1,1,1,0
1,2930,3,1,1,1,1,0,1,1,1,0
0,1927,2,2,1,1,1,1,1,1,1,0
0,2820,1,4,1,1,1,0,1,1,0,1
1,937,1,3,1,1,0,0,1,1,1,1
0,1056,4,3,1,1,1,0,1,0,0,1
0,3124,1,3,1,1,0,0,1,0,1,1
1,1388,3,2,1,0,1,0,1,1,1,0
1,2384,2,1,1,0,0,0,1,0,0,1
1,2133,4,4,1,0,2,1,1,1,1,0
1,2039,2,4,0,0,1,0,1,1,0,0
0,2799,1,2,1,0,1,0,1,0,1,1
1,1289,2,1,0,1,0,0,1,0,1,1
1,1217,2,3,1,1,0,1,1,1,0,1
0,2246,4,3,1,1,1,0,1,1,0,1
0,385,3,3,1,1,0,1,1,1,1,0
0,3863,2,4,1,0,1,1,1,1,1,0
1,1572,4,4,1,1,0,0,1,0,1,0
1,2718,2,4,0,0,0,0,1,1,0,0
1,2463,4,3,1,1,2,1,1,0,0,1
1,931,1,1,1,0,0,0,1,1,0,0
1,1442,2,4,1,0,1,0,1,1,0,0
1,4241,2,4,1,1,0,1,1,0,0,1
0,2775,3,2,1,1,1,0,1,0,0,1
0,3863,2,2,1,0,2,0,1,0,1,1
1,2329,1,1,1,1,1,0,1,1,1,0
1,12976,2,1,1,1,1,0,1,1,0,0
1,1837,2,4,1,0,0,0,1,1,0,0
1,3349,2,2,0,1,2,1,1,1,0,0
1,1275,1,2,0,1,1,0,1,1,1,0
1,2828,2,4,0,1,1,1,1,0,1,1
0,4526,2,2,1,1,2,1,1,0,1,1
1,2671,2,3,1,0,1,0,1,1,0,0
1,2331,1,1,1,1,1,0,1,0,1,1
1,1300,4,4,1,0,1,0,1,0,1,1
1,2746,4,3,0,1,1,1,1,1,0,0
1,1240,4,4,1,0,0,1,1,1,0,0
0,3357,1,2,1,1,1,0,1,1,1,0
1,3632,2,4,0,0,1,0,0,1,1,0
0,1808,3,1,0,1,1,0,1,1,0,0
1,12204,2,2,1,1,2,1,1,0,1,1
0,9157,2,2,1,0,2,0,1,0,1,1
0,3676,2,3,1,0,1,0,1,0,1,1
1,3441,2,4,0,0,1,0,1,1,0,0
1,640,2,2,1,1,0,0,1,1,1,1
0,1322,3,3,1,1,1,0,1,0,1,1
0,1530,2,2,1,1,1,0,1,0,0,1
1,3914,1,1,1,1,1,0,1,1,0,1
1,1858,1,1,0,0,1,0,1,1,1,0
1,2600,2,4,1,0,1,0,1,0,0,1
1,1979,4,2,1,1,1,0,1,0,1,1
1,2116,2,2,1,1,1,1,1,0,1,1
1,1437,3,3,1,1,1,0,1,0,0,1
0,4042,2,4,1,1,1,1,1,0,1,1
1,3832,4,4,1,1,0,0,1,0,1,1
1,3660,2,4,1,1,1,0,1,1,1,0
1,1343,2,3,1,1,1,0,1,0,0,1
1,1444,1,1,0,1,1,0,1,0,1,1
1,1980,1,2,0,0,1,0,1,1,0,0
1,1355,1,4,0,1,0,1,1,1,0,0
1,1393,4,4,1,1,1,1,1,0,1,1
1,1275,3,1,1,1,1,0,1,1,1,0
0,4153,3,4,0,1,1,1,1,0,1,1
1,1493,1,3,1,1,1,0,1,1,1,0
0,4370,3,2,1,1,1,1,1,0,0,1
1,750,0,1,1,1,0,0,1,1,0,0
1,1308,4,4,1,1,0,0,1,0,1,1
1,4623,2,2,1,1,2,1,1,0,0,1
0,1851,3,2,1,1,1,1,1,1,1,1
0,1880,3,1,1,1,2,1,1,1,1,1
0,7980,1,4,1,0,1,1,1,0,0,1
1,4583,2,2,1,1,1,0,1,1,1,1
1,1386,2,2,1,1,1,0,1,1,0,0
1,947,3,3,1,1,1,0,1,0,0,1
1,684,2,4,1,0,0,0,1,0,0,1
1,2397,3,1,1,0,2,1,1,0,1,1
1,1922,2,2,1,1,0,0,1,1,0,1
1,2303,4,1,1,1,1,0,1,0,0,1
0,8086,4,4,1,1,2,1,1,0,0,1
0,2346,3,3,1,1,1,1,1,0,1,1
1,3973,0,4,0,0,1,0,1,0,1,1
1,888,4,4,1,1,0,0,1,0,0,1
1,15857,3,3,1,1,1,1,1,0,1,1
1,4221,2,2,1,1,1,0,1,0,1,0
0,6361,4,1,1,1,1,0,1,0,1,1
0,1297,2,4,1,0,1,0,1,1,1,1
1,900,2,2,0,1,1,0,1,1,0,1
1,2241,4,2,1,1,1,0,1,0,1,1
0,1050,0,1,1,1,2,1,1,0,1,1
1,1047,2,4,1,1,0,0,1,1,1,0
0,6314,0,2,1,1,2,1,1,0,1,1
1,3496,2,2,1,1,0,1,1,0,1,1
1,3609,2,1,1,1,1,0,1,1,1,0
0,4843,4,4,1,0,1,1,1,1,0,1
0,3017,4,4,1,1,1,0,1,0,1,1
0,4139,2,3,1,1,0,1,1,0,1,1
1,5742,3,2,1,1,1,1,1,0,1,1
1,10366,4,4,1,1,2,1,1,0,1,1
0,2080,2,2,0,1,1,1,1,1,1,1
0,2580,1,2,1,1,0,0,1,0,0,1
0,4530,3,4,1,0,2,1,1,1,1,0
0,5150,4,4,1,1,1,1,1,0,1,1
1,5595,4,2,0,1,1,0,1,1,0,1
1,2384,3,4,1,0,0,0,1,0,1,1
1,6361,2,1,1,1,0,0,1,1,1,0
1,1538,1,2,1,1,1,0,1,1,1,0
1,2279,2,4,1,0,1,1,1,0,1,1
0,1478,2,3,1,1,1,0,1,0,1,1
0,2675,1,3,1,0,1,1,1,1,1,1
0,9857,3,3,1,1,0,1,1,0,1,1
1,6527,2,4,1,0,0,1,1,0,1,1
0,1347,3,2,1,1,1,1,1,0,1,1
0,2862,4,3,1,0,1,0,1,0,1,1
1,2753,4,4,1,1,1,1,1,0,1,1
1,3651,2,3,1,0,1,1,1,0,1,1
0,975,2,3,0,1,1,0,1,1,1,1
0,2631,2,2,0,1,0,0,1,1,1,0
1,2896,1,1,1,1,1,0,1,0,1,1
0,4716,1,3,1,1,0,0,1,0,1,1
1,2284,3,2,1,1,1,1,1,0,1,1
1,1236,2,4,1,0,1,0,1,0,1,1
1,1103,3,3,1,1,1,0,0,0,1,1
0,926,0,2,1,1,0,0,1,1,1,0
0,1800,2,2,0,1,1,0,1,0,1,1
1,1905,4,4,1,0,2,1,1,0,1,1
1,1123,2,4,1,0,0,0,1,1,0,0
0,6331,4,4,1,0,1,1,1,0,0,1
1,1377,4,2,1,0,1,1,1,1,1,0
0,2503,4,2,1,1,1,0,1,0,1,1
1,2528,1,1,1,1,1,1,1,1,1,0
1,5324,4,4,1,0,1,0,1,1,1,0
1,6560,3,4,0,1,1,1,1,0,0,1
1,2214,1,3,1,0,1,0,1,1,0,0
1,1206,4,4,0,1,1,0,1,1,1,0
1,2118,2,2,1,1,0,0,1,0,1,1
0,629,2,3,1,1,1,1,1,0,1,1
1,1198,4,4,1,0,1,0,1,1,0,0
1,2476,4,4,1,1,2,1,1,0,1,1
0,1138,2,4,0,1,0,0,1,0,1,1
1,14027,3,2,1,1,2,1,1,0,0,1
0,7596,4,4,1,1,1,0,1,0,1,1
0,3077,4,2,1,1,1,1,1,0,1,1
1,1505,2,2,1,0,2,1,1,0,1,1
0,3148,2,2,1,1,1,1,1,0,1,1
1,6148,4,4,1,1,1,1,1,1,1,1
1,1337,1,2,1,1,2,1,1,0,0,1
1,433,1,2,0,0,2,0,1,1,0,0
1,1228,2,2,1,1,0,0,1,1,0,0
1,790,2,3,1,1,0,0,1,1,1,0
1,2570,2,3,0,0,1,0,1,1,0,0
0,250,2,2,1,1,0,0,1,1,1,0
0,1316,2,2,1,1,0,0,1,1,1,1
1,1882,2,4,0,0,1,0,1,1,0,0
1,1546,2,3,1,0,1,0,1,1,0,0
0,1275,2,4,1,1,1,1,1,1,1,1
0,6403,1,2,1,1,1,0,1,0,1,1
1,1987,2,4,0,0,0,0,1,0,0,1
1,760,3,2,1,1,0,0,1,1,1,0
1,2603,2,4,1,0,1,1,1,1,1,0
0,3380,3,1,1,1,1,1,1,1,1,0
1,7582,2,3,1,1,0,0,1,1,1,0
0,11560,2,4,0,0,2,0,1,1,0,0
1,4380,2,2,1,1,0,0,1,0,1,1
0,6761,3,3,1,1,2,1,1,0,1,1
1,4280,2,4,1,0,0,0,1,1,0,0
1,2325,3,3,1,1,1,0,1,0,1,1
1,1048,2,4,0,1,0,1,1,0,1,1
1,3160,4,3,1,1,1,1,1,0,1,1
1,2483,2,4,0,1,1,1,1,0,1,1
0,14179,3,4,1,1,2,1,1,0,1,1
0,1797,1,1,1,1,0,0,1,0,1,1
1,2511,0,4,0,0,1,0,1,1,1,0
1,1274,1,1,1,1,0,0,1,1,0,0
1,5248,2,3,1,1,1,0,1,0,1,1
0,3029,3,2,1,1,1,0,1,0,1,1
1,428,4,1,1,1,1,1,1,1,1,0
1,976,2,2,0,1,0,0,1,1,0,0
1,841,3,4,0,0,0,0,1,1,1,0
0,5771,3,2,0,1,1,0,1,1,1,0
0,4308,4,4,1,0,1,0,1,0,0,1
1,1285,3,4,1,0,1,0,1,1,0,0
0,1299,2,1,1,1,0,0,0,0,1,1
0,1271,2,4,1,0,1,1,1,0,0,1
1,1274,4,2,1,1,1,1,1,0,1,1
0,691,4,3,1,1,1,0,1,0,0,1
0,5045,4,4,1,1,1,1,1,1,1,0
0,2124,2,4,1,0,1,0,1,1,0,0
1,2214,2,3,0,1,0,0,1,0,1,1
0,12680,4,4,1,0,2,1,1,0,0,1
0,2463,3,3,1,1,1,1,1,1,1,1
1,1155,4,3,1,1,0,0,0,1,1,1
1,3108,1,4,1,1,0,0,1,1,0,1
1,2901,1,4,1,0,1,0,1,1,1,0
0,3617,2,4,1,0,1,1,1,0,1,1
0,2406,4,4,1,1,0,1,1,0,1,1
1,2812,0,4,1,0,1,0,1,1,1,0
0,3763,2,2,0,1,2,1,1,1,0,0
0,3275,4,4,1,1,2,1,1,0,1,1
0,2223,4,4,1,1,1,0,1,0,1,1
0,1480,4,4,1,0,0,0,1,0,1,1
1,1371,2,4,0,0,1,0,1,1,0,0
0,3535,3,4,1,1,1,1,1,0,1,1
1,3509,3,1,0,1,1,0,1,1,1,0
1,5711,4,2,1,1,2,1,1,0,1,1
1,3872,0,4,1,1,1,1,1,1,1,0
0,4933,2,2,0,1,1,0,1,0,0,1
0,1940,4,4,1,1,1,1,1,0,1,1
1,1410,2,1,1,1,0,1,1,0,1,1
1,836,1,2,0,1,0,0,1,1,0,0
1,6468,0,4,1,1,2,1,1,1,1,1
1,1941,2,2,1,1,0,1,1,0,1,1
1,2675,4,4,1,1,1,0,1,0,1,1
0,2751,4,3,1,0,1,1,1,0,1,1
0,6224,4,4,1,0,0,0,1,0,0,1
1,5998,2,3,1,1,1,1,1,1,0,1
1,1188,4,4,1,1,1,0,0,1,0,0
1,6313,4,4,1,1,2,1,1,0,1,1
0,1221,2,2,1,1,1,0,1,1,1,1
1,3249,4,4,1,0,1,0,1,1,1,1
1,3062,4,1,1,1,1,1,1,0,1,1
1,2301,1,4,0,0,1,1,1,1,1,0
1,3915,4,2,1,0,1,1,1,1,0,1
0,1258,1,4,0,0,0,0,1,1,1,0
0,717,4,4,1,1,1,1,1,1,1,1
1,1549,1,2,1,1,0,0,1,0,1,1
0,1597,4,4,1,0,1,0,1,0,1,1
0,1795,4,4,1,0,0,1,1,0,1,0
0,4272,4,4,0,1,1,0,1,1,1,0
0,976,4,4,1,1,1,0,1,0,1,1
1,7472,0,2,0,0,1,0,1,0,1,0
1,9271,3,1,0,1,1,1,1,0,0,1
1,590,1,3,1,1,1,0,0,1,1,1
0,930,4,4,1,1,1,0,1,0,1,1
1,9283,1,2,1,0,2,1,1,0,1,1
1,1778,1,1,1,0,0,0,1,1,0,0
1,907,1,2,1,1,1,1,1,1,1,1
1,484,2,3,1,1,0,0,1,1,1,1
0,9629,4,4,0,0,1,1,1,0,0,1
1,3051,2,4,1,1,1,0,1,0,0,1
1,3931,3,3,1,0,1,0,1,0,0,1
0,7432,2,2,1,0,1,0,1,1,1,0
1,1338,2,4,1,1,1,0,1,1,1,1
0,1922,3,3,0,1,1,1,1,1,1,0
1,15857,0,3,1,1,2,0,1,1,1,1
1,1345,2,3,1,1,1,0,1,1,0,1
1,1101,2,2,1,1,1,1,1,1,1,1
1,3016,2,1,0,1,1,0,1,1,1,1
1,2712,4,2,1,1,1,0,1,0,0,1
0,731,4,4,1,1,0,1,1,1,1,1
0,3780,1,2,1,1,2,1,1,1,1,1
0,1602,1,3,1,1,1,1,1,1,1,1
0,3966,4,4,1,0,1,1,1,1,0,0
1,4165,2,2,1,1,1,0,1,0,0,1
1,8335,4,2,1,0,1,0,1,0,0,1
0,6681,2,4,1,0,1,1,1,0,1,1
0,2375,2,2,1,1,1,1,1,0,1,1
1,1216,1,3,1,0,1,1,1,1,0,0
1,11816,4,4,1,0,1,0,1,0,0,1
1,4113,4,4,1,1,0,1,1,1,1,0
1,2327,1,3,0,1,0,0,1,1,0,0
1,1082,2,4,1,1,1,0,1,0,0,1
1,886,2,2,0,1,1,0,1,1,1,0
1,601,1,3,0,0,1,0,1,1,1,0
1,2957,4,4,1,1,1,1,1,0,1,1
0,3069,4,3,1,1,1,0,1,1,1,1
1,5179,3,2,1,1,1,0,1,0,0,1
0,2993,2,2,1,1,2,0,1,0,1,1
1,1943,1,4,1,1,1,0,1,1,0,0
1,2613,3,4,1,1,1,1,1,0,1,1
1,3422,4,4,1,1,1,1,1,0,1,1
1,3976,3,3,1,1,1,1,1,0,1,1
1,6761,2,4,1,0,1,0,1,0,0,1
1,1249,1,2,1,1,1,0,1,1,1,1
1,1364,3,4,1,1,1,0,1,0,1,1
1,6224,4,4,1,1,1,0,1,0,0,1
0,2235,4,2,1,0,1,0,0,1,0,1
0,4042,3,4,1,1,1,1,1,0,1,1
0,1471,2,4,1,0,1,1,1,0,1,1
1,1442,3,4,1,0,0,0,1,1,0,1
0,10875,4,2,1,1,1,1,1,0,1,1
1,1474,1,3,1,1,1,1,1,1,1,1
1,894,3,3,1,1,1,1,1,1,1,0
0,3343,2,2,1,0,1,1,1,0,1,1
1,3959,2,2,1,1,1,1,1,1,0,0
1,3577,2,2,1,0,1,0,0,0,1,1
0,5804,2,2,1,1,1,0,1,0,1,1
0,2169,2,2,1,1,1,1,1,1,0,1
1,2439,1,4,1,1,1,1,0,1,0,0
0,4526,1,2,1,1,0,1,1,0,1,1
1,2210,2,2,1,0,0,0,1,0,0,1
1,2221,2,4,0,0,1,0,1,1,1,0
1,2389,1,1,1,1,1,0,1,1,1,0
0,3331,4,4,1,1,1,0,1,0,1,1
1,7409,1,2,1,1,1,0,1,0,1,1
1,652,4,4,0,0,1,0,1,1,1,0
0,7678,3,4,1,1,1,1,1,1,1,0
0,1343,4,4,1,1,1,0,0,0,1,1
0,1382,3,1,1,1,1,1,1,0,1,1
1,874,1,1,0,1,1,0,1,1,1,0
1,2864,2,2,1,1,0,0,1,0,1,1
0,1322,0,4,1,0,1,0,1,1,1,0
1,1940,1,4,1,0,2,1,1,0,1,1
1,3595,4,2,1,0,1,0,1,0,1,1
1,1422,1,2,1,0,2,1,1,0,0,1
0,6742,3,3,1,1,1,0,1,0,1,1
1,7814,3,3,1,1,2,1,1,0,1,1
1,1924,2,4,1,0,1,1,1,1,1,1
0,2181,4,4,1,1,1,0,1,0,1,1
0,1098,0,4,1,1,0,0,1,1,1,0
1,4057,3,3,1,1,1,1,1,1,0,1
1,795,1,4,1,1,1,0,1,1,0,0
0,6331,3,3,1,1,1,1,1,0,1,1
1,15672,2,2,0,1,1,1,1,0,0,1
0,6614,0,4,1,1,2,1,1,0,1,1
1,7824,1,4,1,0,1,1,1,0,1,1
0,2442,4,4,1,1,2,1,1,0,1,1
0,1829,4,4,1,1,1,1,1,0,1,1
0,2171,2,4,1,1,0,0,0,0,1,1
0,5800,2,4,1,1,1,1,1,0,1,1
0,1169,2,3,1,1,1,1,1,0,1,1
0,8947,3,4,1,1,2,0,1,0,1,1
1,2606,1,2,1,0,2,1,1,1,1,0
0,1592,3,2,1,1,1,0,0,1,1,0
1,2186,3,4,1,0,0,0,1,1,1,0
1,4153,2,3,1,1,1,0,1,0,0,1
0,2625,4,4,1,0,1,1,1,0,0,1
0,3485,1,4,1,1,1,1,1,1,1,1
0,10477,4,2,1,0,1,0,1,0,1,1
1,1386,2,2,1,0,1,1,1,1,1,1
1,1278,4,1,1,1,2,1,1,0,1,1
1,1107,2,2,0,0,1,1,1,0,1,1
1,3763,3,1,0,1,0,0,0,0,1,1
1,3711,2,2,1,1,1,0,1,1,1,1
0,3594,1,2,1,1,0,0,1,1,1,0
1,3195,2,2,1,1,0,0,1,1,1,0
0,4454,2,4,1,1,1,0,1,1,1,0
0,4736,1,4,0,1,0,0,1,1,0,0
0,2991,4,4,0,1,1,0,1,1,1,0
1,2142,4,2,1,1,1,1,1,1,1,1
1,3161,2,2,1,0,1,1,1,0,0,1
1,18424,2,2,1,1,2,1,0,1,0,0
1,2848,2,2,1,1,1,0,1,0,1,1
1,14896,4,4,1,1,2,1,1,1,0,1
1,2359,0,1,1,1,0,0,1,1,0,1
1,3345,4,2,1,0,1,1,1,0,0,1
0,1817,2,2,1,1,1,0,1,1,1,0
0,12749,3,1,1,1,2,1,1,0,1,1
1,1366,1,4,0,0,1,0,1,1,0,0
1,3590,3,4,1,0,1,1,1,0,1,1
1,6872,1,1,1,1,1,1,1,1,0,1
1,697,1,2,1,1,1,1,1,0,0,1
0,1049,1,4,0,0,1,0,1,1,1,0
1,10297,3,4,1,1,1,1,1,0,0,1
1,1867,4,4,1,1,1,1,1,0,1,1
0,1344,2,2,1,1,0,1,1,0,1,1
0,1747,1,1,1,1,0,0,0,0,1,1
1,1670,1,2,0,1,1,0,1,1,0,0
0,1224,3,1,1,1,1,0,1,0,1,1
0,522,4,4,1,1,1,1,1,0,1,1
1,1498,2,1,0,1,1,0,1,1,1,0
0,1919,1,3,1,1,2,0,1,0,0,1
1,745,2,2,1,1,0,1,1,1,0,0
1,2063,1,3,1,0,2,1,1,1,1,1
1,6288,4,4,0,0,1,0,1,0,0,1
0,6842,2,2,1,1,2,1,1,0,1,1
1,3527,1,3,1,1,2,1,1,0,1,1
1,1546,2,2,1,1,0,0,1,0,1,1
1,3609,3,2,1,1,1,1,1,0,1,1
0,1455,3,1,1,1,0,0,1,0,1,1
1,1845,1,1,1,0,1,0,1,1,1,0
1,8358,1,1,1,1,1,0,1,1,1,0
1,3349,1,4,1,0,1,1,1,0,0,1
1,2859,0,4,1,1,2,1,1,0,1,1
1,1533,1,1,1,1,0,0,1,1,0,1
1,3621,4,4,1,1,1,0,1,0,0,1
0,3590,0,3,1,1,0,1,1,1,1,1
0,2145,3,1,0,1,1,1,1,1,0,1
1,4771,1,4,1,0,1,0,1,1,0,0
1,10974,0,2,1,1,2,1,1,1,0,0
1,1893,2,4,1,1,1,1,1,1,1,0
0,1231,4,4,1,0,2,1,1,1,1,0
0,3656,4,4,1,1,0,0,1,0,1,1
0,1154,4,4,1,1,0,0,1,0,1,1
1,4006,3,2,1,1,0,0,1,0,0,1
1,3069,4,4,1,0,1,0,1,0,1,1
0,1740,4,2,1,0,1,0,1,1,1,1
0,2353,0,4,1,1,1,0,1,1,1,1
1,3556,2,2,1,1,1,0,1,0,1,1
1,2397,4,2,1,1,1,1,1,0,0,1
1,454,1,1,0,1,0,0,1,1,1,1
1,1715,2,1,1,1,1,0,1,1,1,0
1,2520,2,2,0,1,0,0,1,0,0,1
1,3568,4,2,1,1,2,1,1,0,1,0
1,7166,3,4,1,0,2,1,1,1,1,1
0,3939,2,2,1,1,0,0,1,0,1,1
1,1514,4,2,0,1,1,0,1,0,1,1
1,7393,2,1,1,1,0,0,1,0,1,1
1,1193,0,4,1,0,0,0,1,1,0,0
1,7297,4,4,1,0,1,0,1,0,0,1
0,2831,2,2,1,1,1,0,1,1,1,0
1,1258,2,3,1,1,0,0,1,1,1,0
1,753,2,3,1,1,1,0,1,1,1,0
0,2427,4,4,1,1,1,0,1,0,1,1
0,2538,4,4,1,1,0,0,1,0,0,1
1,1264,2,2,0,0,1,0,1,1,0,1
0,3060,3,2,1,1,1,0,1,0,0,1
1,4844,0,2,1,0,2,1,1,0,0,1
1,2923,2,1,1,1,2,1,1,1,1,0
1,8229,4,2,1,1,1,1,1,0,0,1
0,2028,3,2,1,1,0,0,1,0,1,1
0,1433,2,3,0,0,1,0,1,0,1,0
1,6289,1,1,1,1,1,0,1,1,1,1
1,1409,0,3,1,1,1,0,1,1,1,0
1,6579,0,2,1,0,2,1,1,0,1,1
0,1743,4,2,1,1,0,0,1,0,1,1
0,3565,1,2,1,1,0,0,1,0,1,1
1,1569,4,4,1,1,0,0,1,0,1,1
1,1936,3,4,0,1,0,0,1,1,1,1
1,3959,0,3,1,1,1,1,1,0,1,1
1,2390,4,4,1,1,1,1,1,0,1,1
1,1736,3,4,1,1,1,0,1,1,1,0
1,3857,0,4,1,1,2,1,1,1,1,1
1,804,4,4,1,1,1,0,1,0,1,1
1,1845,2,4,0,0,1,1,1,0,0,1
0,4576,0,4,1,1,1,0,1,0,1,1
