credit_history,amount,employment,residence_since,age,housing,job,telephone,foreign_worker,sex,marital_status,credit_risk
0,1552,4,4,67,1,1,0,1,1,1,0
1,5951,2,2,22,1,1,0,1,0,0,1
1,8358,3,3,49,1,0,0,1,1,1,0
1,2299,3,4,45,0,1,0,1,1,1,0
0,4870,2,4,28,0,1,0,1,1,0,0
1,3160,2,4,35,0,0,1,1,1,1,0
1,2835,4,4,53,1,1,0,1,1,1,0
1,6948,2,2,35,0,2,1,1,1,1,0
1,3059,3,4,61,1,0,0,1,1,1,1
0,5234,0,2,28,1,2,0,1,0,0,1
1,1295,1,1,25,0,1,0,1,0,0,1
1,4308,1,4,24,0,1,0,1,0,0,1
1,1567,2,1,37,1,1,1,1,0,1,1
0,1199,4,4,60,1,0,0,1,1,0,0
1,1403,2,4,28,0,1,0,1,0,1,1
1,1282,2,2,32,1,0,0,1,0,0,1
0,2424,4,4,26,1,1,0,1,1,1,0
1,929,1,3,25,1,1,0,1,1,1,0
1,12579,4,2,44,0,2,1,1,0,0,1
1,1572,4,2,31,1,1,1,1,1,1,0
1,2134,2,4,48,1,1,1,1,1,1,0
1,2647,2,3,49,0,1,0,1,1,1,0
0,2241,1,3,48,0,0,0,0,1,1,0
0,1804,1,4,44,1,1,0,1,1,1,0
0,2069,2,1,26,1,1,0,0,1,1,1
1,1374,2,2,36,1,0,0,1,1,1,0
1,426,4,4,39,1,0,0,1,1,1,1
1,3441,2,3,42,0,1,0,1,0,1,1
1,2415,2,2,34,1,1,0,1,1,1,0
0,1203,3,4,63,1,1,1,1,1,0,0
1,1913,1,3,36,1,1,1,1,1,1,1
1,4020,2,2,27,1,1,0,1,1,1,0
1,5866,2,2,30,1,1,1,1,1,1,0
0,1264,4,4,43,0,0,0,1,1,1,0
1,1474,1,1,33,1,2,1,1,0,1,1
0,4746,1,2,25,1,0,0,1,1,0,0
0,6110,2,3,31,0,1,1,1,1,1,0
1,2100,2,2,37,1,1,0,1,1,0,0
1,1225,2,2,37,1,1,1,1,1,1,0
1,458,2,3,24,1,1,0,1,1,1,0
1,2333,2,2,30,1,2,0,1,1,1,0
1,2359,2,1,26,1,1,1,1,1,1,1
0,1238,2,4,44,1,0,1,1,1,1,0
1,6187,3,4,24,0,1,0,1,1,1,1
0,6143,4,4,35,0,0,0,1,0,0,1
0,1393,1,4,35,1,2,0,1,0,1,1
1,2299,4,4,39,1,1,0,1,1,1,0
1,1352,0,2,23,0,0,1,1,0,1,1
0,7228,2,4,39,1,0,0,1,1,1,0
1,1979,2,2,28,1,1,0,1,0,1,1
0,2333,1,2,29,1,0,0,1,1,1,0
0,5965,4,2,30,1,2,1,1,1,1,0
1,1262,2,2,25,1,1,0,1,1,1,0
1,3378,2,1,31,1,1,1,1,1,1,0
0,2225,4,4,57,0,1,1,1,1,0,0
1,783,2,2,26,1,0,0,1,1,1,0
1,6468,0,2,52,1,2,1,1,1,0,0
0,9566,4,4,31,1,1,0,1,0,1,1
1,1961,4,2,43,1,2,0,1,0,1,1
0,6229,1,4,23,0,0,1,1,0,0,1
1,1391,2,1,27,1,1,1,1,1,1,1
0,1537,4,4,50,1,1,1,1,1,1,0
1,1953,4,4,45,0,2,1,1,0,0,0
1,14421,2,2,25,1,1,1,1,1,0,0
1,3181,1,4,26,1,1,1,1,0,1,1
1,1526,4,4,48,1,1,1,1,1,1,0
1,2171,4,2,29,1,1,0,1,0,1,1
0,2223,2,1,22,1,1,0,1,1,1,1
1,1819,2,4,37,0,1,1,1,1,0,0
1,2394,2,4,25,1,1,0,1,0,1,1
1,8133,2,2,30,1,1,0,1,0,1,1
0,730,4,2,46,0,1,1,1,1,1,0
0,1164,4,4,51,0,2,1,1,1,1,0
0,5954,3,1,41,1,0,0,1,0,1,1
1,1977,4,4,40,1,2,1,1,1,0,0
0,1893,4,4,66,0,2,0,1,1,1,0
1,2570,1,1,34,1,1,0,1,1,0,0
0,4771,3,4,51,1,1,0,1,1,1,0
1,9436,2,2,39,1,0,0,1,1,1,0
1,3832,3,1,22,1,1,0,1,1,1,1
1,5943,1,1,44,1,1,1,1,0,0,1
1,1213,4,3,47,1,1,1,1,1,1,0
1,3573,2,4,24,0,0,0,1,0,1,1
1,1755,4,4,31,1,0,1,1,0,1,1
0,2315,4,4,52,1,0,0,1,1,1,0
0,1922,2,2,29,1,2,1,1,0,1,1
0,1295,1,1,27,1,1,0,1,0,1,1
1,12612,2,4,47,0,1,1,1,1,0,0
1,2249,3,3,30,1,2,1,1,1,1,0
1,1108,3,3,28,1,1,0,1,0,0,0
0,618,4,4,56,1,1,0,1,1,1,0
0,1409,4,3,54,1,1,0,1,1,1,0
0,797,4,3,33,1,0,0,1,0,0,1
0,3617,4,4,20,0,1,0,1,1,1,0
1,1318,4,4,54,1,1,1,1,1,1,0
1,15945,1,4,58,0,1,1,1,1,0,0
1,2012,3,2,61,1,1,0,1,0,1,1
1,2622,2,4,34,1,1,0,1,1,1,0
0,2337,4,4,36,1,1,0,1,1,1,0
0,7057,3,4,36,0,2,1,1,1,1,0
0,1469,4,4,41,0,0,0,1,1,1,1
1,2323,3,4,24,0,1,0,1,1,1,0
1,932,2,2,24,1,1,0,1,0,1,1
0,1919,3,3,24,0,1,1,1,1,1,0
1,2445,1,4,26,0,1,1,1,1,1,1
1,11938,2,3,39,1,2,1,1,1,0,0
1,6458,4,4,39,1,2,1,1,1,0,0
1,6078,3,2,32,1,1,0,1,1,1,0
1,7721,1,2,30,1,1,1,0,0,1,1
1,1410,4,2,35,1,1,1,1,1,1,1
0,1449,4,2,31,1,1,0,1,1,1,1
1,368,1,4,57,0,1,1,1,1,1,1
1,6260,3,3,28,0,0,0,1,1,1,0
0,7855,2,2,25,1,1,1,1,0,0,1
1,1680,3,1,35,1,1,0,1,1,1,1
0,3578,4,1,47,1,1,1,1,1,1,0
1,7174,3,3,24,1,2,1,1,0,0,1
0,2132,1,3,27,0,1,0,0,0,1,1
0,4281,2,4,23,1,1,0,1,0,0,1
0,2366,3,3,36,1,2,1,1,1,1,1
1,1835,2,2,25,1,1,1,1,0,0,1
0,3868,4,4,41,0,2,1,1,0,1,1
1,1768,4,2,24,0,0,0,1,1,1,0
0,781,4,4,63,0,1,1,1,1,1,0
1,1924,1,4,27,0,1,0,1,0,0,1
0,2121,2,2,30,1,1,0,1,1,1,0
1,701,2,2,40,1,0,0,1,1,1,1
1,639,2,2,30,1,1,0,1,1,0,0
0,1860,0,2,34,1,2,1,1,1,1,0
0,3499,2,2,29,1,1,1,1,0,0,1
1,8487,3,2,24,1,1,0,1,0,1,1
0,6887,0,3,29,1,1,1,1,1,0,0
1,7865,4,3,27,1,0,0,1,1,1,0
1,1984,2,4,47,0,1,0,1,1,1,0
1,10144,3,1,21,1,1,1,1,0,1,1
0,1240,4,2,38,1,1,1,1,0,1,1
0,8613,2,2,27,1,1,0,1,1,1,0
1,766,2,3,66,1,1,0,1,1,0,0
0,2728,3,2,35,1,1,1,1,1,1,0
1,1881,2,2,44,0,0,1,1,0,1,1
1,1530,1,2,27,1,0,0,1,1,1,1
1,4795,1,1,30,1,2,1,1,0,1,1
1,3416,2,2,27,1,2,0,1,1,1,0
1,2462,2,2,22,1,1,0,1,0,0,0
0,2288,1,4,23,1,1,1,1,0,1,1
1,3566,3,2,30,1,1,0,1,1,1,0
0,860,4,4,39,1,1,1,1,0,1,1
0,3915,3,3,51,1,1,1,1,0,1,1
0,5371,2,2,28,1,1,0,1,1,1,0
0,1582,4,4,46,1,1,0,1,1,1,0
1,1346,4,4,23,0,1,1,1,1,1,0
1,1924,2,4,40,1,1,1,0,1,1,0
1,5848,2,1,24,1,1,0,1,1,1,0
0,433,4,4,29,0,1,0,1,0,1,1
0,6967,3,1,36,0,2,1,1,1,1,0
1,1282,2,4,20,0,1,0,1,0,0,1
0,1288,4,4,48,1,1,0,0,1,1,0
1,339,4,1,45,1,0,0,1,1,1,1
1,1331,3,3,38,1,1,1,1,1,1,0
0,1898,2,2,34,1,0,0,1,1,1,0
0,2872,4,4,36,1,1,1,1,1,1,0
0,1287,1,1,30,1,1,0,1,0,1,1
1,1262,3,3,36,1,1,1,1,1,1,0
1,7308,0,4,70,0,2,1,1,1,1,0
1,909,4,4,36,1,1,0,1,1,1,0
1,2978,2,2,32,1,1,1,1,1,1,0
1,1131,2,1,33,1,1,0,1,0,0,1
1,1577,1,1,26,1,1,0,1,0,1,1
1,7057,3,4,25,0,1,1,1,0,1,1
0,1935,4,4,31,1,0,1,1,0,0,1
1,950,4,3,33,0,1,0,1,1,0,0
1,763,2,1,26,1,1,1,1,0,1,1
0,1175,0,2,34,0,2,1,1,0,0,1
1,1414,2,2,33,1,1,0,0,1,1,0
0,3414,1,4,26,1,0,0,1,1,0,0
1,7485,0,1,25,1,2,1,1,0,0,1
1,2577,2,4,42,1,1,0,1,1,1,1
0,338,4,4,52,1,1,0,1,1,1,0
1,1963,3,2,31,0,2,0,1,1,1,0
0,571,4,4,65,1,1,0,1,1,1,0
0,9572,1,1,28,1,1,0,0,1,0,1
0,4455,2,2,30,1,2,1,1,1,0,1
1,1647,2,2,40,1,1,0,1,1,0,0
0,3777,2,4,50,1,1,1,1,1,1,0
0,884,4,4,36,1,1,1,1,1,0,0
0,1360,3,2,33,1,1,0,1,1,1,0
1,7855,4,4,60,0,2,1,1,0,0,1
0,1175,0,3,68,0,0,1,1,1,1,0
1,947,3,1,20,1,1,0,1,1,0,1
1,3244,2,4,33,1,1,1,1,0,1,1
1,4591,2,3,54,1,2,1,1,1,0,0
1,3844,3,4,34,0,0,0,1,1,0,0
1,3915,2,2,36,1,1,1,1,1,0,0
1,2108,3,2,29,1,0,0,1,1,1,1
1,3031,2,4,21,0,1,0,1,1,0,0
0,1501,4,3,34,1,2,1,1,0,0,1
0,1382,2,1,28,1,1,1,1,0,1,1
1,951,1,4,27,0,1,0,1,0,0,1
1,4679,4,4,36,0,1,1,1,1,1,0
0,4297,4,3,40,1,2,1,1,1,0,1
0,936,4,2,52,1,1,1,1,1,1,0
1,1168,2,3,54,0,0,0,1,1,1,1
0,5117,3,4,26,1,1,0,1,1,1,0
1,902,3,4,21,0,1,0,1,1,0,1
0,1495,3,1,38,1,0,0,1,1,1,0
0,10623,4,4,38,1,2,1,1,1,1,0
0,1935,4,4,43,1,1,1,1,1,1,0
0,1424,3,3,26,1,1,0,1,1,1,0
1,6568,2,2,21,1,0,0,1,0,1,1
1,1413,3,2,55,1,1,0,0,1,1,0
0,3074,2,2,29,1,1,0,1,1,1,0
1,3835,4,4,45,1,0,1,1,0,1,1
1,5293,0,4,50,1,1,1,1,1,0,0
0,1908,4,2,66,1,2,1,1,1,0,0
0,1207,4,2,51,1,1,1,1,1,1,0
0,932,3,3,39,1,0,0,1,0,1,1
1,3104,3,1,31,1,1,1,1,1,1,0
1,4526,2,2,23,1,1,1,1,1,1,0
1,3021,2,2,24,0,0,0,1,1,1,1
1,1364,2,4,64,1,1,1,1,0,1,1
1,625,1,1,26,1,0,0,1,1,1,1
1,1200,2,4,23,0,1,1,1,0,1,1
1,707,2,2,30,1,1,0,1,1,1,0
0,2978,2,4,42,1,1,1,1,1,1,0
1,4657,2,2,30,1,1,1,1,1,1,0
1,2613,2,2,27,1,1,0,1,1,1,0
1,10961,3,2,27,1,1,1,1,1,0,0
1,7865,4,4,53,0,2,1,1,1,0,0
1,11054,3,2,22,0,1,0,1,1,0,0
1,3149,1,1,22,0,1,0,1,1,1,0
1,4210,2,3,29,1,1,0,1,1,0,0
1,1413,4,4,27,0,0,0,1,1,1,0
1,2141,3,1,35,1,1,0,1,1,1,0
0,866,2,4,30,1,0,0,1,1,1,1
0,1544,3,1,42,1,0,0,1,1,1,0
1,1823,0,2,30,1,2,0,1,1,0,0
1,14555,0,2,23,1,0,1,1,1,0,0
1,2767,4,2,61,0,0,0,1,1,0,1
0,1291,2,2,35,1,1,0,1,1,1,1
1,2522,4,2,39,1,1,0,1,1,1,0
1,915,4,2,29,1,1,1,1,0,0,1
1,1736,2,4,51,1,1,0,1,1,1,0
1,4605,4,4,24,0,1,0,1,0,0,0
0,1185,2,2,27,1,1,0,1,0,1,1
1,3447,2,4,35,1,0,0,1,0,1,1
1,1258,3,1,25,1,1,1,1,1,1,0
0,717,4,4,52,1,1,0,1,1,1,0
1,1204,2,1,35,0,1,0,0,1,1,0
1,1925,3,2,26,1,1,0,1,1,1,0
1,433,0,4,43,0,1,1,1,0,0,1
0,4165,3,4,39,1,0,1,1,0,1,1
1,2251,2,2,46,1,0,0,1,1,1,1
1,2150,2,2,24,1,1,0,1,0,0,1
0,4151,2,3,35,1,1,0,1,1,1,0
1,2030,3,1,24,1,1,1,1,1,1,0
0,7418,2,4,27,1,0,0,1,1,1,0
0,1449,2,2,35,1,0,0,1,1,1,0
1,2149,2,1,29,0,1,0,1,1,0,1
1,3812,1,4,23,1,2,1,1,0,1,1
0,1154,0,4,57,1,0,0,1,0,1,1
1,1657,2,2,27,1,1,0,1,1,1,0
1,1603,4,4,55,1,1,0,1,0,1,1
0,5302,4,4,36,0,2,1,1,1,1,0
0,2101,4,4,57,0,0,0,1,0,1,1
0,1231,4,4,32,1,0,0,0,1,1,0
1,802,4,3,37,1,1,0,1,0,0,0
0,6304,4,4,36,1,1,0,1,1,1,0
1,2030,1,3,47,1,1,1,1,1,1,1
1,8978,4,4,45,1,2,0,0,1,0,1
1,999,4,2,25,1,1,0,1,1,1,0
1,2662,3,3,32,1,1,0,0,1,1,0
0,1402,3,4,37,0,1,1,1,0,1,1
1,12169,0,4,36,0,2,1,1,1,1,0
1,3060,2,4,28,1,1,0,1,1,0,0
1,11998,1,1,34,1,0,1,1,1,0,1
1,2697,2,2,32,1,1,0,1,1,1,0
0,2404,2,2,26,1,1,0,1,0,1,1
1,1262,4,4,49,1,0,1,1,1,1,1
1,4611,1,4,32,1,1,0,1,0,0,1
1,1901,2,4,29,0,2,1,1,1,1,0
0,1344,4,4,23,0,1,1,1,1,1,0
1,1574,2,2,37,1,1,0,1,1,1,0
1,1445,3,4,49,1,0,0,1,1,1,0
0,2315,4,4,63,1,1,0,1,1,1,0
0,3878,1,2,34,1,1,1,1,1,1,1
1,10722,1,3,35,1,0,1,1,0,1,1
1,4788,3,3,26,1,1,0,1,1,1,0
0,7582,0,4,31,0,2,0,1,1,1,0
1,1092,2,2,49,1,1,1,1,0,1,1
0,1024,1,4,48,1,1,0,1,1,0,1
1,1076,1,2,26,1,1,1,0,1,1,1
1,1126,1,4,28,0,2,1,1,1,0,1
0,6419,1,4,44,0,2,1,1,0,1,1
0,4796,4,4,56,0,1,0,1,1,1,0
0,7629,4,2,46,1,1,0,1,1,1,1
1,9960,1,2,26,1,1,1,1,0,0,1
1,4675,1,4,20,0,1,0,1,0,1,1
1,1287,2,2,45,1,2,0,0,1,1,0
1,2515,2,4,43,1,1,1,1,1,1,0
0,2745,3,2,32,1,1,1,1,1,1,0
1,672,0,4,54,1,0,1,1,0,1,1
1,1382,2,1,42,1,1,1,1,0,0,1
0,1344,3,2,37,1,0,0,1,1,0,0
0,1038,3,3,49,1,1,1,1,1,1,0
0,10127,2,3,44,0,1,0,1,1,0,0
1,1543,2,2,33,1,1,0,1,1,1,1
1,4811,3,4,24,0,0,0,1,0,1,1
1,727,1,3,33,1,0,1,1,1,0,1
0,1237,2,4,24,1,1,0,1,0,0,1
1,2957,2,4,22,0,0,0,1,1,1,1
1,5381,0,4,40,1,0,1,1,1,1,0
1,5511,2,1,25,1,1,0,1,1,1,0
1,3749,1,4,26,1,1,0,1,0,1,1
0,685,3,3,25,1,1,0,1,1,0,1
1,1494,1,2,29,1,0,0,0,1,1,0
1,2746,4,4,31,1,1,0,1,1,0,0
1,708,2,3,38,1,0,0,1,0,1,0
1,4351,2,4,48,1,0,1,1,0,1,1
0,701,2,2,32,1,1,0,1,1,1,0
1,3577,4,4,27,1,0,0,1,0,1,1
0,4249,0,2,28,1,2,0,1,1,0,1
1,1938,1,3,32,1,1,0,1,1,0,1
1,2910,3,1,34,0,2,1,1,1,1,0
1,2659,2,2,28,1,1,0,1,1,1,0
0,1028,2,3,36,1,1,0,1,0,1,1
0,3398,3,4,39,1,2,1,0,1,1,0
0,5801,4,4,49,0,1,1,1,1,1,0
1,1525,3,3,34,1,1,1,1,0,1,1
1,4473,4,2,31,1,1,0,1,1,1,0
1,1068,4,4,28,1,1,0,1,1,1,0
0,6615,0,4,75,0,2,1,1,1,1,0
0,1864,2,2,30,1,1,0,1,0,0,1
1,7408,1,2,24,1,2,0,1,0,0,1
0,11590,2,4,24,0,0,0,1,0,0,1
1,4110,2,4,23,0,1,0,1,1,0,0
0,3384,2,4,44,0,2,1,1,1,0,1
1,4712,1,4,23,1,0,0,1,0,1,1
1,1275,2,2,24,0,1,0,1,0,0,1
1,4169,2,4,28,1,1,0,1,1,1,0
1,1521,2,2,31,1,0,0,1,1,1,1
0,5743,1,4,24,0,1,1,1,0,1,1
1,3599,3,4,26,0,0,0,1,0,1,1
1,3213,1,3,25,0,1,0,1,1,1,1
1,4439,4,1,33,1,2,0,1,1,1,0
1,1819,1,1,37,1,0,0,1,1,1,0
0,1459,2,2,43,1,0,0,1,0,1,1
0,882,1,4,47,1,0,0,1,1,1,0
1,3758,0,4,23,0,0,0,1,0,1,1
0,1743,2,2,34,1,0,0,1,1,1,0
0,1136,4,3,32,0,1,0,1,1,0,0
1,1236,1,4,23,0,0,1,1,0,1,1
1,959,2,2,29,1,1,0,0,0,0,1
0,3229,0,4,38,1,2,1,1,1,1,0
1,6199,0,2,28,0,1,1,1,1,0,0
1,727,4,4,46,0,1,1,1,1,1,0
1,4351,1,2,23,1,0,0,1,1,0,0
0,2331,4,4,49,1,1,1,1,1,1,0
0,4463,2,2,26,1,2,1,1,0,0,0
1,776,2,2,28,1,1,0,1,1,1,1
0,2406,3,4,23,0,1,0,1,0,0,1
1,1239,2,4,61,0,1,0,1,1,1,0
1,3399,4,3,37,1,2,0,1,1,1,0
0,2247,2,2,36,1,1,1,1,0,1,1
1,1766,2,2,21,0,1,0,1,1,1,1
1,2473,0,1,25,1,0,0,1,1,0,0
1,9398,3,4,36,1,1,1,1,1,1,0
0,3850,3,1,27,1,1,0,1,1,1,0
1,3650,1,4,42,0,1,0,1,0,1,1
1,3446,4,2,42,1,1,0,1,1,0,0
1,3001,3,4,40,0,1,0,1,1,1,1
1,3079,2,1,36,1,1,0,1,1,1,0
0,6070,4,4,33,1,1,1,1,1,1,0
1,2146,1,3,23,0,0,0,1,0,1,1
0,13756,4,4,63,0,1,1,1,1,1,0
1,1216,4,4,29,0,2,1,1,0,0,1
1,7685,3,4,37,0,1,0,1,0,0,1
0,2320,0,3,34,1,1,0,1,1,1,1
0,846,4,4,36,0,1,0,1,1,1,0
1,14318,4,2,57,0,2,1,1,1,0,0
0,362,2,4,52,1,0,0,1,0,1,1
1,2212,3,4,24,1,1,1,1,1,1,0
1,12976,0,4,38,0,2,1,0,0,0,1
0,1283,3,4,25,0,1,0,1,0,1,1
1,1330,1,1,26,1,1,0,1,1,1,0
0,4272,2,2,26,1,0,0,1,1,1,0
0,2238,2,1,25,1,1,0,1,0,1,1
1,1126,1,2,21,0,1,1,1,0,1,1
0,7374,0,4,40,1,2,1,1,1,1,0
0,2326,2,4,27,1,1,0,1,1,1,0
1,1449,3,2,27,1,1,0,1,0,1,1
1,1820,2,2,30,1,2,1,1,1,1,1
1,983,1,4,19,0,0,0,1,1,1,1
1,3249,1,4,39,0,2,1,1,1,1,0
0,1957,3,4,31,1,1,0,1,0,1,1
0,2406,0,3,31,1,2,0,1,1,1,0
0,11760,3,3,32,0,1,1,1,1,1,0
1,2578,0,4,55,0,2,0,1,0,1,1
0,2348,2,2,46,1,1,1,1,1,1,1
1,1223,4,1,46,0,1,0,1,1,0,1
0,1516,2,1,43,1,0,0,1,0,1,1
1,1473,1,4,57,1,1,1,1,1,1,1
1,1887,3,4,28,1,1,0,1,1,1,1
0,8648,1,2,27,1,1,0,1,1,0,0
0,802,2,2,27,1,0,0,1,1,1,0
0,2899,4,4,43,1,1,0,1,1,1,0
1,2039,0,4,22,1,1,1,1,1,0,1
0,2197,3,4,43,1,1,1,1,1,1,0
1,1053,1,2,27,1,1,0,0,1,1,1
1,3235,4,2,26,1,2,1,1,1,1,1
0,939,3,2,28,1,1,1,1,1,0,1
1,1967,4,4,20,1,1,1,1,0,1,1
1,707,3,2,35,1,2,1,1,1,1,0
0,2292,0,2,42,1,2,1,1,1,0,0
1,1597,2,2,40,0,0,0,0,1,1,0
1,1381,2,2,35,1,1,0,1,0,0,1
0,5842,4,2,35,1,1,1,1,1,1,0
1,2579,1,1,33,1,0,0,1,1,0,0
0,1858,2,2,23,0,1,1,1,1,1,1
1,2782,3,2,31,1,2,0,1,0,1,1
1,1546,2,2,33,1,1,0,1,0,0,1
1,3186,3,3,20,0,1,0,1,0,1,1
1,2028,2,2,30,1,1,0,1,1,1,0
0,958,3,3,47,1,0,0,1,1,1,0
0,1343,3,3,34,1,2,0,1,1,1,0
1,1925,4,2,25,1,1,1,1,0,0,1
1,2779,2,3,21,0,1,1,1,1,1,1
0,2743,4,2,29,1,1,0,1,1,1,0
0,1149,2,3,46,1,1,0,1,1,1,0
1,1313,4,4,20,1,1,0,1,1,1,0
1,1190,0,4,55,0,0,0,1,0,0,1
1,3448,3,4,74,1,0,0,1,1,1,0
1,11328,2,3,29,1,2,1,1,1,0,0
0,1872,0,4,36,0,2,1,1,1,1,0
0,2058,2,2,33,1,1,1,1,1,1,1
1,2136,2,2,25,1,1,0,1,1,1,0
1,1484,2,1,25,1,1,1,1,0,0,1
1,660,3,4,23,0,0,1,1,1,1,1
0,1287,4,4,37,1,1,1,1,0,1,1
0,3394,0,4,65,1,1,0,1,1,1,0
1,609,1,1,26,1,0,0,1,0,0,1
1,1884,4,4,39,1,2,1,1,1,1,0
0,1620,2,3,30,1,1,0,1,0,1,1
0,2629,2,3,29,1,2,1,1,1,1,0
1,719,4,4,41,1,0,0,1,1,0,0
0,5096,2,3,30,1,2,1,1,0,0,1
0,1244,4,4,41,1,0,0,1,0,1,1
1,1842,1,2,34,1,1,1,1,0,0,1
1,2576,2,2,35,1,1,0,1,1,1,0
1,1424,4,4,55,1,2,1,1,0,1,1
0,3758,2,2,61,1,1,0,1,1,0,1
0,11054,2,2,30,1,1,1,1,1,1,0
1,518,2,1,29,1,1,0,1,0,1,1
1,2759,4,4,34,1,1,0,1,1,1,0
1,1913,4,4,35,1,2,1,1,1,1,0
1,4817,3,3,31,1,1,1,1,1,0,0
1,2679,1,1,29,1,2,1,1,1,1,1
0,3905,2,2,36,0,1,0,1,1,1,0
1,3386,4,4,35,0,1,1,1,1,0,0
1,343,1,1,27,1,1,0,1,0,1,1
1,4594,1,2,32,1,1,1,1,1,1,0
1,3620,2,2,37,1,1,0,1,1,1,0
1,1721,1,3,36,1,1,0,1,1,1,0
1,3017,1,1,34,0,2,0,1,0,1,1
1,754,4,4,38,1,1,0,1,1,1,0
1,1950,3,1,34,1,1,1,1,1,1,0
1,2924,2,3,63,1,1,1,1,1,1,0
0,1659,1,2,29,0,0,1,1,0,0,1
0,7238,2,3,32,1,1,0,1,1,1,0
0,2764,2,4,26,1,1,1,1,0,1,1
0,4679,3,3,35,1,0,1,1,1,1,0
1,3092,1,2,22,0,1,0,1,1,0,1
1,448,1,4,23,0,1,0,1,0,0,1
1,654,2,3,28,1,0,0,1,1,0,0
1,1238,0,4,36,1,2,1,1,1,1,0
0,1245,2,2,33,1,1,0,1,1,0,1
1,3114,1,4,26,0,1,0,1,0,0,1
1,2569,2,4,24,1,1,1,1,1,1,0
1,5152,3,2,25,1,1,0,1,1,1,0
1,1037,3,4,39,1,2,0,1,1,1,0
0,1478,4,4,31,1,1,1,1,1,1,0
0,3573,2,1,29,1,0,0,1,0,1,1
1,1532,1,1,26,1,1,0,1,1,1,0
1,3622,4,4,57,0,1,1,1,0,1,1
0,960,3,2,30,1,1,0,1,1,1,1
0,343,2,4,44,0,1,1,1,1,1,0
0,1209,0,4,47,1,2,1,1,1,0,0
1,3077,2,4,52,1,1,1,1,1,1,0
1,3757,4,4,62,0,1,1,1,0,1,1
1,1418,2,2,35,0,0,0,0,1,1,0
1,3518,2,3,26,0,1,0,1,1,1,0
0,1934,4,2,26,1,1,0,1,1,1,0
1,8318,4,4,42,0,2,1,1,0,0,1
0,1237,2,1,27,1,1,0,1,0,1,1
1,368,4,1,38,1,1,0,1,1,1,0
0,2122,2,2,39,0,0,0,0,1,1,0
1,2996,2,4,20,1,1,0,1,1,0,1
1,9034,1,1,29,0,2,1,1,1,0,0
0,1585,4,3,46,1,1,0,1,1,1,0
1,1301,4,2,32,1,0,0,1,1,1,1
0,1323,4,4,28,1,1,1,1,1,1,1
1,3123,1,4,27,1,1,0,1,0,0,1
1,5493,4,4,31,0,1,0,1,1,1,0
1,1126,3,4,32,1,1,0,1,1,1,1
0,1216,1,4,38,1,1,0,1,1,0,0
1,1207,1,4,24,0,1,0,1,0,0,1
1,1309,2,4,27,1,0,0,1,1,0,0
0,2360,2,2,36,1,1,1,1,1,1,0
1,6850,0,2,34,1,2,1,1,1,0,0
1,1413,1,2,28,1,1,0,1,1,1,1
1,8588,4,2,45,1,2,1,1,1,1,0
1,759,3,2,26,1,1,0,1,1,0,0
1,4686,2,2,46,0,2,1,1,1,1,0
1,2687,1,4,26,0,1,1,1,1,1,0
0,2116,2,4,20,0,1,0,1,1,1,1
1,2255,1,1,54,1,1,0,1,1,1,0
0,609,3,3,37,1,1,0,0,0,1,1
0,1361,1,4,40,1,0,0,0,1,1,0
0,7127,1,4,23,0,1,1,1,0,0,1
1,1203,4,2,43,1,1,1,1,1,1,0
0,1445,4,4,36,0,1,0,1,1,1,0
0,5507,4,4,44,0,1,0,1,1,1,0
1,3190,2,2,24,1,1,0,1,0,0,1
1,7119,2,4,53,1,1,0,1,1,0,0
1,1190,3,4,23,1,1,0,1,0,1,1
1,1113,2,4,26,1,0,0,1,0,1,1
1,7966,1,3,30,1,1,0,1,1,1,0
0,1532,2,3,31,1,1,0,1,0,1,1
0,1503,3,1,42,1,0,0,1,1,1,0
1,2302,2,4,31,0,1,0,1,1,0,1
1,662,1,4,41,1,0,1,1,1,1,0
1,2273,3,1,32,1,1,0,1,1,1,0
1,2631,2,4,28,0,1,0,1,0,0,1
0,1503,2,4,41,0,1,0,1,1,1,1
1,1311,3,3,26,1,1,1,1,1,1,1
1,3105,1,2,25,1,1,0,1,1,1,0
0,2319,1,1,33,0,1,0,1,1,0,1
1,1374,0,3,75,1,2,1,1,0,1,1
0,3612,4,4,37,1,1,0,1,0,1,1
1,7763,4,4,42,0,2,0,1,1,0,0
1,3049,1,1,45,1,0,0,1,0,1,1
1,1534,1,1,23,0,1,0,1,1,0,1
0,2032,4,4,60,0,1,1,1,1,1,0
1,6350,4,4,31,1,1,0,1,1,0,0
1,2864,2,1,34,1,0,1,1,1,0,0
0,1344,4,4,61,1,0,0,1,1,1,0
0,1333,0,2,43,0,1,0,1,1,0,0
0,2022,2,4,37,1,1,1,1,0,1,1
1,1552,3,4,32,1,1,0,1,1,1,0
1,626,2,4,24,1,0,0,1,0,0,1
0,14782,3,1,35,0,1,1,1,1,1,0
0,996,3,4,23,1,1,0,1,0,1,1
1,1750,4,4,45,1,0,0,1,1,1,0
1,6999,3,1,34,1,1,1,1,1,0,1
0,1995,1,1,27,1,2,0,1,1,1,0
1,1199,3,4,67,1,2,1,1,0,1,1
1,1331,1,1,22,1,1,0,1,0,0,0
1,2278,1,3,28,1,1,0,1,0,0,1
1,5003,2,4,29,1,1,1,1,0,0,1
1,3552,3,4,27,1,1,0,1,1,0,0
0,1928,1,2,31,1,0,0,1,1,0,0
1,2964,4,4,49,0,1,1,1,1,1,0
1,1546,3,4,24,0,0,0,1,1,0,0
0,683,1,1,29,1,1,0,1,0,1,1
1,12389,2,4,37,0,1,0,1,1,0,0
0,4712,2,2,37,1,2,1,1,1,1,0
0,1553,3,2,23,0,1,1,1,0,1,1
1,1372,3,3,36,1,1,0,1,1,0,1
0,2578,4,2,34,1,1,0,1,1,1,0
1,3979,3,1,41,1,1,1,1,1,1,0
1,6758,2,2,31,0,1,1,1,0,0,1
1,3234,1,4,43,0,0,1,1,0,0,1
0,4623,3,2,38,1,1,0,1,1,1,0
1,5433,0,4,26,0,1,1,1,0,1,1
1,806,2,4,22,1,1,0,1,0,1,1
1,1082,4,4,27,1,0,0,1,1,1,0
0,2788,3,3,30,1,1,0,1,0,1,1
1,2930,3,1,27,1,1,0,1,0,1,1
0,1927,2,2,33,1,1,1,1,0,1,1
0,2820,1,4,27,1,1,0,1,1,0,1
1,937,1,3,27,1,0,0,1,1,1,1
0,1056,1,3,39,1,1,0,1,1,0,0
0,3124,1,3,49,1,0,0,1,1,1,0
1,1388,2,2,26,0,1,0,1,0,1,1
1,2384,1,1,23,0,0,0,1,1,0,0
1,2133,4,4,52,1,2,1,1,0,1,1
1,2039,2,4,20,0,1,0,1,0,0,1
0,2799,2,2,40,0,1,0,1,1,1,0
1,1289,2,1,21,1,0,0,1,0,1,0
1,1217,2,3,47,1,0,1,1,1,0,1
0,2246,4,3,60,1,1,0,1,0,0,0
0,385,3,3,58,1,0,1,1,1,1,1
0,1965,2,4,42,0,1,1,1,0,1,1
1,1572,4,4,36,1,1,0,1,0,1,1
1,2718,2,4,20,0,0,1,1,0,0,1
1,1358,4,3,40,1,2,1,1,1,0,0
1,5248,1,2,32,1,0,0,1,0,0,1
1,1442,3,4,23,0,1,0,1,0,0,1
1,4241,2,4,36,1,1,1,1,1,0,0
0,2775,3,2,31,1,1,0,1,1,0,0
0,3863,2,2,32,1,1,0,1,1,1,0
1,2329,1,1,45,1,1,0,1,0,1,1
0,918,2,1,30,1,1,0,1,0,0,1
1,1837,3,4,34,0,1,0,1,0,0,1
1,3349,2,4,28,1,2,1,1,0,0,1
1,1275,1,2,23,1,1,0,1,0,1,1
1,2828,1,4,22,1,1,1,1,1,1,0
0,3749,2,2,74,1,2,1,1,1,1,0
1,2671,2,4,50,0,1,0,1,0,0,1
1,2051,1,1,33,1,1,0,1,1,1,0
1,1469,4,4,45,0,1,0,1,1,1,0
1,741,0,3,22,1,1,0,1,0,0,1
1,1240,4,4,48,0,0,0,1,0,0,1
1,3485,1,2,29,1,1,0,1,0,1,1
1,3632,2,4,22,0,1,0,0,0,1,1
0,1808,3,1,22,1,1,0,1,0,0,1
1,12204,2,2,48,1,2,1,1,1,1,0
0,9157,2,2,27,0,2,0,1,1,1,0
0,3676,2,3,37,0,1,0,1,1,1,0
1,3441,1,4,21,0,0,0,1,0,0,1
1,1572,2,2,49,1,0,0,1,1,1,1
0,3652,3,3,27,1,1,0,1,1,1,0
0,1530,2,2,32,1,1,0,1,1,0,0
1,3914,2,2,38,1,1,0,1,1,0,1
1,1858,1,1,22,0,1,0,1,0,1,1
1,2600,2,4,65,0,1,0,1,1,0,0
1,1979,4,2,35,1,1,0,1,1,1,0
1,2116,2,2,41,1,1,1,1,1,1,0
1,1437,3,3,29,1,1,0,1,0,0,0
0,4042,2,4,36,1,1,1,1,1,1,0
1,3832,4,4,64,1,0,0,1,1,1,0
1,3660,2,4,28,1,1,0,1,0,1,1
1,1553,2,3,44,1,1,0,1,0,0,0
1,1444,1,1,23,1,1,0,1,1,1,0
1,1980,1,2,19,0,1,0,1,0,0,1
1,1355,1,4,25,0,0,1,1,0,0,1
1,1393,4,4,47,1,1,1,1,1,1,0
1,1376,3,1,28,1,1,0,1,0,1,1
0,3949,3,4,21,1,1,1,1,1,1,0
1,1493,1,3,34,1,1,0,1,0,1,1
0,4370,3,2,26,1,1,1,1,1,0,0
1,750,0,4,39,1,0,0,1,0,0,1
1,1308,4,4,38,1,0,0,1,1,1,0
1,4623,2,2,40,1,2,1,1,0,0,0
0,1851,3,2,33,1,1,1,1,1,1,1
0,1880,3,1,32,1,2,1,1,1,1,1
0,7980,1,4,27,0,1,1,1,1,0,0
1,4583,2,2,32,1,1,0,1,1,1,1
1,1386,2,2,26,1,1,0,1,0,0,1
1,947,3,3,38,0,1,0,1,1,0,0
1,684,2,4,40,0,0,0,1,1,0,0
1,7476,2,1,50,0,2,1,1,1,1,0
1,1922,2,2,37,1,0,0,1,1,0,0
1,2303,4,1,45,1,1,0,1,1,0,0
0,8086,4,4,42,1,2,1,1,0,0,0
0,2346,3,3,30,1,1,1,1,1,1,0
1,3973,0,4,22,0,1,0,1,1,1,0
1,888,4,4,41,1,0,0,1,1,0,0
1,10222,3,3,37,1,1,1,1,1,1,0
0,4221,2,2,28,1,1,0,1,0,1,1
0,6361,4,1,41,1,1,1,1,1,1,0
1,1297,4,4,23,0,1,0,1,1,1,1
0,900,2,2,23,0,1,0,1,1,0,1
1,2241,4,2,50,1,1,0,1,1,1,0
0,1050,0,1,36,1,2,1,1,1,1,0
0,1047,2,4,50,1,0,0,1,0,1,1
0,6872,0,2,27,1,1,1,1,1,1,0
1,3496,2,2,34,1,1,1,1,1,1,0
1,3609,2,1,27,1,1,0,1,0,1,1
0,4843,4,4,43,0,1,1,1,1,0,0
0,1493,4,4,47,1,1,0,1,1,1,0
0,4139,2,3,27,1,0,1,1,1,1,0
1,5742,3,2,31,1,1,1,1,1,1,0
1,10366,4,4,42,1,2,1,1,1,1,0
0,2080,2,2,24,1,1,0,1,1,1,1
0,2580,1,4,41,1,0,0,1,1,0,0
0,4530,3,4,26,0,1,1,1,0,1,1
0,5150,4,4,33,1,1,1,1,1,1,0
1,5595,2,2,24,1,1,0,1,1,0,1
1,2384,4,4,64,0,0,0,1,0,1,0
0,1453,1,1,26,1,1,0,1,0,1,1
1,1538,1,2,56,1,1,0,1,0,1,1
1,2279,2,4,37,0,1,1,1,1,1,0
0,1478,2,3,33,1,1,0,1,1,1,1
0,5103,1,3,47,0,1,1,1,1,1,1
0,9857,2,3,31,1,0,1,1,1,1,0
1,6527,2,4,34,0,1,1,1,1,1,0
0,1347,3,2,27,1,1,1,1,1,1,0
0,2862,4,3,30,1,1,0,1,1,1,0
1,2753,2,4,35,1,1,1,1,1,1,0
1,3651,2,3,31,1,1,0,1,1,1,0
1,975,2,3,25,1,1,0,1,1,1,1
1,2631,2,2,25,1,0,0,1,0,1,1
1,2896,1,1,29,1,1,0,1,1,1,0
0,4716,1,3,44,1,1,0,1,1,1,0
1,2284,3,2,28,1,1,1,1,1,1,0
1,1236,2,4,34,0,1,0,1,1,1,0
1,1103,3,3,29,1,1,0,0,1,1,0
0,926,0,2,37,1,0,0,1,0,1,1
0,1800,2,2,33,1,1,0,1,1,1,0
1,1905,4,4,23,0,2,1,1,1,1,0
0,1123,2,4,29,0,0,1,1,0,0,1
0,6331,4,4,46,0,1,1,1,1,0,0
1,1377,4,2,47,0,1,1,1,0,1,1
0,2503,4,2,41,1,1,0,1,1,1,0
1,2528,1,1,32,1,1,1,1,0,1,1
1,5324,3,4,35,0,1,0,1,0,1,1
1,6560,3,2,24,1,1,0,1,1,0,0
1,2969,1,3,25,0,1,0,1,0,0,1
1,1206,4,2,25,1,2,0,1,0,1,1
1,2118,2,2,37,1,0,0,1,1,1,0
0,629,4,3,32,1,2,1,1,1,1,0
0,1198,4,4,35,0,1,0,1,0,0,1
1,2476,4,4,46,1,2,1,1,1,1,0
0,1138,2,4,25,1,0,0,1,1,1,0
1,14027,3,2,27,1,1,0,1,1,0,0
0,7596,4,4,63,1,1,0,1,1,1,0
1,3077,4,2,40,1,1,1,1,1,1,0
1,1505,2,2,32,0,2,1,1,1,1,0
0,3148,2,2,31,1,1,1,1,1,1,0
1,6148,4,4,31,1,1,1,1,1,1,1
1,1337,1,2,34,1,2,1,1,1,0,0
1,433,1,2,24,0,1,0,1,0,0,1
1,1228,2,2,24,1,0,0,1,0,0,1
1,790,2,3,34,1,0,0,1,0,1,1
1,3568,2,3,21,0,1,0,1,0,0,1
0,250,2,2,41,1,0,0,1,1,1,1
0,1316,2,2,47,1,0,0,1,1,1,1
1,1882,2,4,25,0,1,0,1,0,0,1
1,6416,4,3,59,0,1,0,1,0,0,1
0,1275,2,4,36,1,1,1,1,1,1,1
0,6403,1,2,33,1,1,0,1,1,1,0
1,1987,2,4,21,0,0,0,1,1,0,0
1,760,3,2,44,1,0,0,1,0,1,1
1,2603,2,4,28,0,0,1,1,1,1,1
0,3380,3,2,37,1,1,0,1,0,1,1
1,3990,1,2,29,1,0,0,1,0,1,1
1,11560,2,4,23,0,2,0,1,0,0,1
0,4380,2,4,35,1,0,1,1,1,1,0
0,6761,3,3,45,1,2,1,1,1,1,0
1,4280,2,4,26,0,0,0,1,0,0,1
1,2325,3,2,32,1,1,0,1,1,1,0
0,2662,2,4,23,1,0,0,1,1,1,0
1,3160,4,3,41,1,1,1,1,1,1,0
1,2483,2,4,22,1,1,1,1,1,1,0
0,14179,3,4,30,1,2,1,1,1,1,0
0,1797,1,1,55,1,0,0,1,1,1,0
1,2511,0,4,23,0,1,0,1,0,1,1
1,1274,1,1,37,1,1,0,1,0,0,1
0,5248,2,3,26,1,1,0,1,1,1,0
1,3029,3,2,33,1,1,0,1,1,1,0
1,428,4,2,49,1,1,1,1,0,1,1
1,976,1,2,23,1,0,0,1,0,0,1
1,841,3,4,23,0,0,0,1,0,1,1
0,5771,3,2,25,1,1,0,1,0,1,1
0,1555,4,4,55,0,1,1,1,1,0,0
1,1285,3,4,32,0,1,0,1,0,0,1
0,1299,2,1,74,1,0,0,0,1,1,0
0,1271,2,4,39,0,1,0,1,1,0,0
1,1393,2,2,31,1,1,1,1,1,1,0
0,691,4,3,35,1,1,0,1,1,0,0
0,5045,4,4,59,1,0,1,1,0,1,1
0,3509,2,4,24,0,1,0,1,0,0,1
1,2214,3,3,24,1,0,0,1,1,1,0
0,12680,4,4,30,1,2,1,1,1,0,0
0,2463,3,3,27,1,2,1,1,1,1,1
1,1155,4,3,40,1,0,0,1,1,1,1
0,3108,1,4,31,1,0,0,1,1,0,1
1,2901,1,4,31,0,0,0,1,0,1,1
0,3617,4,4,28,0,1,1,1,1,1,0
0,1655,4,4,63,0,0,1,1,1,1,0
1,2812,2,4,26,0,1,0,1,0,1,1
0,8065,2,2,25,1,2,1,1,0,0,1
0,3275,4,4,36,1,2,0,1,1,1,0
0,2223,4,4,52,1,1,0,1,1,1,0
0,1480,0,4,66,0,0,0,1,1,1,0
1,1371,2,4,25,0,1,0,1,0,0,1
0,3535,3,4,30,1,1,1,1,1,1,0
1,3509,3,2,25,1,1,0,1,0,1,1
0,5711,4,2,46,1,2,1,1,1,1,0
0,3872,0,4,67,1,1,1,1,1,1,1
0,4933,3,2,25,1,1,0,1,1,0,0
0,1940,4,4,60,1,1,1,1,1,1,0
1,1410,2,2,31,1,1,1,1,1,1,0
1,836,4,2,23,1,0,0,1,0,0,1
1,6468,0,4,60,1,2,1,1,1,1,1
1,1941,2,2,35,1,0,1,1,1,1,0
1,2675,4,4,40,1,1,0,1,1,1,0
0,2751,4,3,38,1,1,1,1,1,1,0
0,6224,4,4,50,0,1,0,1,1,0,0
0,5998,2,3,27,1,1,0,1,1,0,0
1,1188,4,4,39,1,1,0,1,0,0,1
1,6313,4,4,33,1,2,1,1,1,1,0
0,1221,2,2,27,1,1,0,1,1,1,1
1,2892,4,4,51,0,1,0,1,1,1,1
1,3062,4,3,32,0,1,1,1,1,1,0
1,2301,1,4,22,0,1,0,1,1,1,1
1,7511,4,4,51,1,1,1,1,1,0,0
0,1258,1,4,22,1,0,0,1,0,1,1
0,3349,4,4,49,1,1,1,1,0,1,1
1,1549,1,2,35,1,0,0,1,1,1,0
0,1597,4,4,54,0,1,0,1,1,1,0
0,1795,3,2,48,0,0,1,0,0,1,1
0,4272,4,4,28,1,1,0,1,1,1,1
0,976,4,4,35,1,1,0,1,1,1,0
1,7472,0,2,24,0,0,0,1,0,1,1
1,9271,3,1,24,1,1,1,1,1,0,0
1,590,1,3,31,1,0,0,1,1,1,1
0,930,4,4,39,1,1,0,1,1,1,0
1,9283,0,3,55,0,2,1,1,1,1,0
1,1778,1,1,26,0,0,0,1,0,0,1
1,907,1,2,26,1,1,1,1,1,1,1
1,484,3,3,54,1,0,0,1,1,1,1
0,9629,3,4,24,1,1,1,1,1,0,0
1,3051,2,4,54,1,1,0,1,1,0,0
0,3931,3,4,46,0,1,0,1,1,0,0
0,7432,2,2,54,1,1,0,1,0,1,1
1,1338,2,4,62,1,1,0,1,1,1,1
0,9283,3,2,24,0,1,1,1,0,1,1
1,15857,0,3,43,1,2,0,1,1,1,1
1,1345,2,3,26,1,1,0,1,1,0,1
1,1101,2,2,27,1,1,1,1,1,1,1
1,3016,2,1,24,1,1,0,1,1,1,1
1,2712,4,2,41,1,1,0,1,1,0,0
0,731,4,4,47,1,0,0,1,1,1,0
0,8072,1,2,35,1,2,1,1,1,1,1
0,1602,4,2,30,1,1,1,1,1,1,1
0,3966,4,4,33,0,1,1,1,0,0,1
1,4165,2,4,36,1,1,0,1,1,0,0
1,8335,4,4,47,0,1,0,1,1,0,0
0,6681,2,4,38,0,1,0,1,1,1,0
0,2375,2,2,44,1,1,1,1,1,1,0
1,1216,1,3,23,0,1,1,1,0,0,1
1,11816,4,3,29,0,0,0,1,1,0,0
1,5084,4,4,42,1,1,1,1,0,1,1
0,2327,3,3,25,1,0,0,1,0,0,1
1,2303,2,4,48,1,1,0,1,1,0,0
1,886,2,2,35,1,1,0,1,0,1,1
1,601,1,3,57,0,0,0,1,0,1,1
0,2957,1,4,63,1,1,1,1,1,1,0
0,2611,1,3,46,1,1,0,1,1,1,1
1,1549,3,2,29,1,1,1,1,1,0,0
0,2993,2,2,28,1,0,0,1,1,1,0
1,1943,1,4,23,1,1,0,1,0,0,1
1,1559,3,4,50,1,1,1,1,1,1,0
1,3422,4,4,47,1,1,1,1,1,1,0
1,3976,3,3,35,1,1,1,1,1,1,0
1,6761,2,4,68,0,1,0,1,1,0,0
1,1249,1,2,45,1,1,0,1,1,1,1
1,4716,3,4,59,1,1,0,1,1,1,0
1,709,4,4,57,1,0,0,1,1,0,0
0,2235,2,2,33,0,1,0,0,1,0,1
0,4042,3,1,43,1,1,1,1,1,1,0
0,1471,4,4,35,0,1,1,1,1,1,0
1,1442,3,4,32,0,0,0,1,1,0,0
0,3499,4,2,45,1,1,1,1,1,1,0
1,1474,1,3,33,1,1,1,1,1,1,1
1,894,3,3,40,1,1,1,1,1,1,1
0,368,2,2,27,0,1,1,1,1,1,0
1,3959,4,2,29,1,1,1,1,0,0,1
1,3577,2,2,26,0,1,0,0,1,1,0
0,5804,2,4,27,1,1,0,1,1,1,0
0,2169,2,2,28,1,1,1,1,1,0,1
1,2439,1,4,35,1,0,1,1,0,0,1
0,4526,1,2,32,1,0,1,1,1,1,0
1,2210,2,2,25,1,0,0,1,1,0,0
1,2221,2,4,20,0,1,0,1,0,1,1
1,2389,1,1,27,1,1,0,1,0,1,1
0,3331,4,4,42,1,1,0,1,1,1,0
1,7409,4,2,37,1,1,0,1,1,1,0
1,652,4,4,24,0,1,0,1,0,1,1
0,3446,3,4,40,1,1,1,1,0,1,1
0,1343,4,4,46,1,1,0,1,1,1,0
0,1382,3,1,26,1,1,1,1,1,1,0
1,874,1,1,24,1,1,0,1,0,1,1
1,3590,2,2,29,1,0,0,1,1,1,0
0,1322,2,4,40,1,1,0,1,0,1,1
1,1940,1,4,36,0,2,1,1,1,1,0
1,3595,4,2,28,1,1,0,1,1,1,0
1,1422,1,2,27,0,2,1,1,0,0,0
0,6742,3,3,28,1,1,0,1,1,1,0
1,7814,3,3,38,1,2,1,1,1,1,0
1,9277,2,4,48,0,1,1,1,1,1,1
0,2181,4,4,36,1,1,0,1,1,1,0
0,1098,0,4,65,1,0,0,1,0,1,1
1,4057,3,3,43,1,1,1,1,1,0,1
1,795,1,4,24,1,1,0,1,0,0,1
0,2625,3,3,34,1,2,1,1,1,1,0
1,1409,0,4,23,1,1,1,1,1,0,0
0,6614,4,4,34,1,2,1,1,1,1,0
1,7824,1,4,40,0,1,1,1,1,1,0
0,2442,4,4,43,1,2,1,1,1,1,0
0,1829,4,4,46,1,1,1,1,1,1,0
0,2171,2,4,38,1,0,0,0,1,1,0
0,5800,2,4,34,1,1,1,1,1,1,0
1,1169,2,3,29,1,1,1,1,1,1,0
0,8947,3,2,31,1,2,1,1,1,1,0
1,2606,1,4,40,0,2,0,1,0,1,1
0,1592,3,2,35,1,1,0,0,0,1,1
1,2186,3,4,33,0,0,0,1,0,1,1
1,4153,2,3,42,1,1,0,1,1,0,0
0,2625,4,4,43,0,1,1,1,1,0,0
0,3485,1,4,44,1,1,1,1,1,1,1
0,10477,4,4,42,0,1,0,1,1,1,0
1,1168,2,2,40,0,1,1,1,1,1,1
1,1278,4,1,36,1,2,1,1,1,1,0
1,1107,2,2,20,0,2,1,1,1,1,0
1,3763,3,2,24,1,0,0,0,1,1,0
1,3711,2,2,27,1,1,0,1,1,1,1
0,3594,2,2,46,1,0,0,1,0,1,1
1,1823,2,2,33,1,0,0,1,0,1,1
0,4454,2,4,34,1,1,0,1,0,1,1
0,4736,1,4,25,1,0,0,1,0,0,1
1,2991,4,4,25,1,1,0,1,0,1,1
1,2142,4,2,28,1,1,1,1,0,1,1
0,1228,2,4,31,0,1,1,1,1,0,0
1,18424,2,2,32,0,2,1,0,0,0,1
1,2848,2,2,66,1,1,0,1,1,1,0
1,14896,4,4,68,1,2,0,1,1,0,0
1,2359,0,1,23,1,1,0,1,1,0,1
1,3345,4,2,39,0,2,1,1,1,0,0
0,1817,2,2,28,1,1,0,1,0,1,1
0,12749,3,1,37,1,2,1,1,1,1,0
1,1366,1,4,22,0,1,0,1,0,0,1
1,3590,3,4,30,0,1,1,1,1,1,0
1,6872,1,1,55,1,1,1,1,1,0,1
1,697,1,2,46,1,1,1,1,1,0,0
0,1950,1,4,24,0,1,0,1,0,1,1
1,10297,3,4,39,0,1,1,1,1,0,0
1,1867,4,4,58,1,1,1,1,1,1,0
0,5179,2,2,43,1,0,0,1,0,1,0
1,1747,1,1,24,1,0,0,0,1,1,0
1,1670,1,2,22,1,1,1,1,0,0,1
0,1224,2,1,30,1,1,0,1,1,1,0
0,522,4,4,42,1,1,1,1,1,1,0
1,1498,2,2,23,1,1,0,1,0,1,1
0,1919,1,3,30,1,2,0,1,1,0,0
1,745,2,2,28,1,0,0,1,0,0,1
1,2063,1,3,30,0,2,1,1,1,1,1
1,6288,2,3,42,0,1,1,1,1,0,0
0,6842,2,4,46,1,2,0,1,1,1,0
1,3527,1,3,45,1,2,1,1,1,1,0
1,1546,2,2,31,1,0,0,0,1,1,0
1,929,3,2,31,1,1,1,1,1,1,0
0,1455,3,1,42,1,0,0,1,1,1,0
1,1845,1,4,46,0,1,0,1,0,1,1
1,8358,1,1,30,1,1,0,1,0,1,1
1,3349,1,4,30,0,1,1,1,1,0,0
1,2859,2,4,38,1,2,1,1,1,1,0
1,1533,1,1,43,1,0,0,1,1,0,1
0,3621,4,4,31,1,1,0,1,1,0,0
0,3590,0,3,40,1,0,1,1,1,1,1
0,2145,3,1,24,1,1,1,1,0,0,0
1,2679,1,4,28,0,1,0,1,0,0,1
1,10974,2,2,26,1,2,1,1,0,0,1
1,1893,2,4,29,1,1,1,1,0,1,1
0,1231,4,4,57,0,1,1,1,0,1,1
0,3656,4,4,49,1,1,0,1,1,1,0
0,1154,4,4,37,1,0,0,1,1,1,0
1,4006,2,2,45,1,0,0,1,1,0,0
1,3069,4,4,30,0,1,0,1,1,1,0
0,1740,4,2,30,0,1,0,1,1,1,1
0,2353,2,4,47,1,1,1,1,1,1,1
1,3556,2,2,29,1,1,0,1,1,1,0
1,2397,4,2,35,1,1,1,1,1,0,0
1,454,1,1,22,1,0,0,1,1,1,1
1,1715,2,1,26,1,1,0,1,0,1,1
0,2520,2,2,23,1,0,0,1,0,0,0
1,3568,4,2,54,0,2,1,1,1,1,1
1,7166,3,4,29,0,1,1,1,1,1,1
0,3939,2,2,40,1,0,0,1,1,1,0
1,1514,2,2,22,1,1,0,1,1,1,0
1,7393,2,4,43,1,0,0,1,0,1,0
1,1193,1,4,29,0,0,0,1,0,0,1
1,7297,4,4,36,0,1,0,1,1,0,0
0,2831,2,2,33,1,1,1,1,0,1,1
1,1258,2,3,57,1,0,0,1,0,1,1
1,753,2,3,64,1,1,0,1,0,1,1
1,2427,4,2,42,1,1,0,1,1,1,0
0,2538,4,4,47,0,0,0,1,1,0,0
1,1264,2,2,25,0,1,0,1,1,0,1
0,4380,3,2,57,1,1,0,1,1,0,0
0,4844,0,2,33,0,2,1,1,1,0,0
1,2923,2,1,28,1,2,1,1,0,1,1
1,8229,2,2,26,1,1,0,1,1,0,0
0,2028,3,2,30,1,0,0,1,1,1,0
0,1433,2,3,25,0,1,0,1,0,1,1
0,6289,1,1,33,0,1,0,1,1,1,1
1,1409,0,4,64,1,1,0,1,0,1,1
1,6579,0,2,29,0,2,1,1,1,1,0
0,3578,4,2,48,1,0,0,1,1,1,0
0,3565,1,1,37,1,0,0,1,1,1,0
1,1569,4,4,34,1,0,0,1,1,1,0
1,1936,3,4,23,0,0,0,1,1,1,1
1,3959,0,3,61,1,2,1,1,1,1,0
1,2390,4,3,50,1,1,1,1,1,1,0
1,1736,3,4,31,1,0,0,1,0,1,1
1,1240,2,4,40,1,2,1,1,1,1,1
1,804,4,4,38,1,1,0,1,1,1,0
1,4272,2,4,23,0,1,1,1,1,0,0
0,4576,2,4,27,1,1,0,1,1,1,0
